"","barcodes","ident"
"1","AAAGTGAGTTGTGGAG-1","Mast Cells"
"2","ACAGGGAAGTCACGCC-1","Mast Cells"
"3","ACCATTTAGACTAAGT-1","Mast Cells"
"4","ACCCTTGGTCTGATCA-1","Mast Cells"
"5","ACTCCCACAGCTTTGA-1","Mast Cells"
"6","AGCCAGCTCCTAAGTG-1","Mast Cells"
"7","AGGATCTTCTCCAAGA-1","Mast Cells"
"8","AGTTCCCCAAGGTCTT-1","Mast Cells"
"9","ATCGCCTGTTTCAGAC-1","Mast Cells"
"10","CCTGTTGAGTATGATG-1","Mast Cells"
"11","CTATAGGCATATACCG-1","Mast Cells"
"12","CTATCTAGTTACCCAA-1","Mast Cells"
"13","CTCAATTGTTCACGAT-1","Mast Cells"
"14","GATGATCCAATTCTCT-1","Mast Cells"
"15","GCTTCACTCACCTTGC-1","Mast Cells"
"16","GGAGGTAAGAGAGTGA-1","Mast Cells"
"17","GGCTGTGAGCGCTTCG-1","Mast Cells"
"18","GTTGTGATCTTACTGT-1","Mast Cells"
"19","TAAGCCATCATTGTGG-1","Mast Cells"
"20","TACCGAACATGGAGAC-1","Mast Cells"
"21","TACGGGCTCATGAGTC-1","Mast Cells"
"22","TCCGATCGTGTTGCCG-1","Mast Cells"
"23","TCTCAGCGTACTAGCT-1","Mast Cells"
"24","TGCGGCACAGCTCATA-1","Mast Cells"
"25","TGGAGGACATCAGTCA-1","Mast Cells"
"26","AAACCCAGTATGGAAT-1","Fibroblast"
"27","AAACGAAGTATGAGAT-1","Fibroblast"
"28","AAACGAAGTATTGACC-1","Fibroblast"
"29","AAAGAACTCAACTACG-1","Fibroblast"
"30","AACAAAGCAGGCGTTC-1","Fibroblast"
"31","AACAAGAAGAAAGTCT-1","Fibroblast"
"32","AACCAACGTGGAAATT-1","Fibroblast"
"33","AACGTCACAAGCTGTT-1","Fibroblast"
"34","AAGACAACAACGGCCT-1","Fibroblast"
"35","AAGCCATTCGCAATTG-1","Fibroblast"
"36","AAGTACCGTTTCGATG-1","Fibroblast"
"37","AAGTCGTTCGGTAAGG-1","Fibroblast"
"38","ACCCAAAGTCCCTCAT-1","Fibroblast"
"39","ACCCTCAAGGTAGCCA-1","Fibroblast"
"40","ACCCTTGAGGTTCCGC-1","Fibroblast"
"41","ACCTGAAAGATGCGAC-1","Fibroblast"
"42","ACGATCATCGAAGAAT-1","Fibroblast"
"43","ACGTAACAGTCTGGTT-1","Fibroblast"
"44","ACGTACAAGGTACAAT-1","Fibroblast"
"45","ACGTCCTCATCCGTTC-1","Fibroblast"
"46","ACTGTCCAGCGTCTGC-1","Fibroblast"
"47","ACTTAGGGTGCTGTCG-1","Fibroblast"
"48","ACTTTGTCAAGATTGA-1","Fibroblast"
"49","AGAACAAAGACTTCCA-1","Fibroblast"
"50","AGAACAAGTACAATAG-1","Fibroblast"
"51","AGACAAAAGAAGCCTG-1","Fibroblast"
"52","AGACAGGCATCAGTCA-1","Fibroblast"
"53","AGACCCGCATCTCGTC-1","Fibroblast"
"54","AGACTCAGTGATGTAA-1","Fibroblast"
"55","AGAGAGCAGGAAGTAG-1","Fibroblast"
"56","AGAGCAGGTTGCTTGA-1","Fibroblast"
"57","AGCCAATAGTGAACAT-1","Fibroblast"
"58","AGGCATTAGGACAAGA-1","Fibroblast"
"59","AGGCTGCAGATCGGTG-1","Fibroblast"
"60","AGGGTGACAGCGTGAA-1","Fibroblast"
"61","AGGTGTTCAAGACCGA-1","Fibroblast"
"62","AGGTTGTTCCCAACTC-1","Fibroblast"
"63","AGTACCACAATTCTTC-1","Fibroblast"
"64","AGTAGCTTCGCATTGA-1","Fibroblast"
"65","AGTCTCCCAAGATGTA-1","Fibroblast"
"66","AGTGTTGCAGATACTC-1","Fibroblast"
"67","AGTGTTGCATCACGGC-1","Fibroblast"
"68","AGTTCGACACGGGTAA-1","Fibroblast"
"69","ATACCGAAGCACCAGA-1","Fibroblast"
"70","ATAGACCCATTAAGCC-1","Fibroblast"
"71","ATCATTCCAAATGGCG-1","Fibroblast"
"72","ATCCCTGCATAGGTTC-1","Fibroblast"
"73","ATCCCTGCATCGATGT-1","Fibroblast"
"74","ATCCTATGTCCAGAAG-1","Fibroblast"
"75","ATCGATGCAAAGGTTA-1","Fibroblast"
"76","ATGGGTTAGAACCGCA-1","Fibroblast"
"77","ATGGGTTAGCACCGAA-1","Fibroblast"
"78","ATTATCCCATTCAGGT-1","Fibroblast"
"79","ATTCACTAGCTGTTCA-1","Fibroblast"
"80","ATTCCATCAACCGATT-1","Fibroblast"
"81","ATTGGGTTCCCGTTGT-1","Fibroblast"
"82","ATTTCTGTCTTTGATC-1","Fibroblast"
"83","CAACCAAAGACTAAGT-1","Fibroblast"
"84","CAACGATTCTGCGGCA-1","Fibroblast"
"85","CACCAAACAGACAAAT-1","Fibroblast"
"86","CACGGGTCACAGTCCG-1","Fibroblast"
"87","CACGTTCAGGCGTTGA-1","Fibroblast"
"88","CACTGAAGTTTGGAAA-1","Fibroblast"
"89","CAGCGTGGTCTGTAAC-1","Fibroblast"
"90","CATACAGAGACGAGCT-1","Fibroblast"
"91","CATGCCTTCCAAAGGG-1","Fibroblast"
"92","CATTGCCCACGTTGGC-1","Fibroblast"
"93","CATTTCAAGATGCTAA-1","Fibroblast"
"94","CATTTCAGTCGTTCAA-1","Fibroblast"
"95","CCAATGAAGTGCTACT-1","Fibroblast"
"96","CCATAAGCATCTGGGC-1","Fibroblast"
"97","CCCTCTCCAAGTGGTG-1","Fibroblast"
"98","CCGGTGAAGTCTAGCT-1","Fibroblast"
"99","CCTCAACGTGAGTGAC-1","Fibroblast"
"100","CCTCTAGGTACCGGCT-1","Fibroblast"
"101","CCTCTCCGTGCCCTTT-1","Fibroblast"
"102","CCTGTTGGTTTCGCTC-1","Fibroblast"
"103","CCTTGTGCAGGTCCGT-1","Fibroblast"
"104","CGATGCGCACTGGCGT-1","Fibroblast"
"105","CGCATGGGTTACCCTC-1","Fibroblast"
"106","CGGAACCAGGACACTG-1","Fibroblast"
"107","CGGCAGTTCTTGCAAG-1","Fibroblast"
"108","CGGGACTAGTCTGTAC-1","Fibroblast"
"109","CGGGCATTCATTGGTG-1","Fibroblast"
"110","CGTAAGTAGTGCCTCG-1","Fibroblast"
"111","CGTAAGTGTTGAAGTA-1","Fibroblast"
"112","CGTAATGCACCGTGCA-1","Fibroblast"
"113","CGTAGTACAATACAGA-1","Fibroblast"
"114","CGTGCTTCACTATCGA-1","Fibroblast"
"115","CTACAGAGTCGCTTGG-1","Fibroblast"
"116","CTACATTTCTGGTTGA-1","Fibroblast"
"117","CTACCCAAGACAAGCC-1","Fibroblast"
"118","CTATCCGCACGCGGTT-1","Fibroblast"
"119","CTATCCGGTCTAACTG-1","Fibroblast"
"120","CTATCTACATGAGATA-1","Fibroblast"
"121","CTCAACCGTATGCTTG-1","Fibroblast"
"122","CTCAGAATCCCGGTAG-1","Fibroblast"
"123","CTCCACATCGCCAGAC-1","Fibroblast"
"124","CTGCAGGAGGGTTGCA-1","Fibroblast"
"125","CTGCATCCAGGCATGA-1","Fibroblast"
"126","CTGTGAAAGCCTCAGC-1","Fibroblast"
"127","CTGTGAATCCAGCTCT-1","Fibroblast"
"128","CTTCCGAAGTCGTTAC-1","Fibroblast"
"129","CTTCCGATCTTCTCAA-1","Fibroblast"
"130","CTTCGGTAGGCCTTGC-1","Fibroblast"
"131","CTTCGGTAGTAGTCAA-1","Fibroblast"
"132","GAACACTTCGTCAAAC-1","Fibroblast"
"133","GAAGAATCACGGCGTT-1","Fibroblast"
"134","GAAGCGACACCCAATA-1","Fibroblast"
"135","GACCGTGAGGTTTGAA-1","Fibroblast"
"136","GACGTTATCCGGCTTT-1","Fibroblast"
"137","GACTGATAGGAGTATT-1","Fibroblast"
"138","GACTGATTCAGACAAA-1","Fibroblast"
"139","GAGCTGCTCTCGAACA-1","Fibroblast"
"140","GAGGGATAGTCTGCGC-1","Fibroblast"
"141","GAGTCTAAGATGGTCG-1","Fibroblast"
"142","GAGTCTAGTCACTTCC-1","Fibroblast"
"143","GAGTGTTTCTTTCAGT-1","Fibroblast"
"144","GAGTTGTAGTGCTCAT-1","Fibroblast"
"145","GATCAGTCAATAGTGA-1","Fibroblast"
"146","GATTCTTCATTGAAAG-1","Fibroblast"
"147","GATTTCTTCTCTCTAA-1","Fibroblast"
"148","GCACATATCTCTCCGA-1","Fibroblast"
"149","GCAGCCAAGGTTCCGC-1","Fibroblast"
"150","GCAGCTGAGTAGACAT-1","Fibroblast"
"151","GCATTAGTCTATCCAT-1","Fibroblast"
"152","GCATTAGTCTGGGCCA-1","Fibroblast"
"153","GCCATGGGTTATCTTC-1","Fibroblast"
"154","GCCCAGATCATGGTAC-1","Fibroblast"
"155","GCGGATCGTACAAAGT-1","Fibroblast"
"156","GCGTTTCCAACCGTAT-1","Fibroblast"
"157","GCTACCTTCAAGCTTG-1","Fibroblast"
"158","GGAACCCGTACGTGTT-1","Fibroblast"
"159","GGAATCTCACAATGCT-1","Fibroblast"
"160","GGCACGTGTCTTTCAT-1","Fibroblast"
"161","GGCTTTCCACGTGTGC-1","Fibroblast"
"162","GGGACCTAGGATTCAA-1","Fibroblast"
"163","GGGACCTGTAGGAGGG-1","Fibroblast"
"164","GGGAGATTCAATCGGT-1","Fibroblast"
"165","GGGATCCAGTTAGAAC-1","Fibroblast"
"166","GGTGATTTCCTCTGCA-1","Fibroblast"
"167","GTAGATCGTATGTCTG-1","Fibroblast"
"168","GTCACGGAGCCTTGAT-1","Fibroblast"
"169","GTCACTCAGGGAGATA-1","Fibroblast"
"170","GTCACTCTCCCGTTCA-1","Fibroblast"
"171","GTCTACCGTACGCGTC-1","Fibroblast"
"172","GTCTAGAAGGCAGCTA-1","Fibroblast"
"173","GTGCAGCAGTCACAGG-1","Fibroblast"
"174","GTGCAGCTCTCTATAC-1","Fibroblast"
"175","GTGCTTCCACACTTAG-1","Fibroblast"
"176","GTGTGGCTCCGATGTA-1","Fibroblast"
"177","GTGTTCCTCTGTAAGC-1","Fibroblast"
"178","GTTGCGGTCGACGTCG-1","Fibroblast"
"179","GTTTACTGTCTAACGT-1","Fibroblast"
"180","GTTTGGACATCGATGT-1","Fibroblast"
"181","TAACTTCCATCATTGG-1","Fibroblast"
"182","TAAGCACAGAAATTCG-1","Fibroblast"
"183","TACCTGCCACTATGTG-1","Fibroblast"
"184","TAGCACATCGCTGATA-1","Fibroblast"
"185","TAGGTACAGGGTCACA-1","Fibroblast"
"186","TCACAAGCATCATTTC-1","Fibroblast"
"187","TCACACCAGAACCCGA-1","Fibroblast"
"188","TCACATTTCCGTAATG-1","Fibroblast"
"189","TCAGCAATCGAGGCAA-1","Fibroblast"
"190","TCAGGTAGTCGTTGCG-1","Fibroblast"
"191","TCAGTGAGTATGATCC-1","Fibroblast"
"192","TCATTTGCACTACGGC-1","Fibroblast"
"193","TCCTCCCGTGGACTGA-1","Fibroblast"
"194","TCCTCGAGTAAGATAC-1","Fibroblast"
"195","TCCTCTTCACTACACA-1","Fibroblast"
"196","TCCTTTCCAGTGCGCT-1","Fibroblast"
"197","TCGACGGAGACAGTCG-1","Fibroblast"
"198","TCGATTTCAACTGGTT-1","Fibroblast"
"199","TCGCAGGAGACTCATC-1","Fibroblast"
"200","TCGCTTGAGCCTCGTG-1","Fibroblast"
"201","TCGTAGAAGGTATAGT-1","Fibroblast"
"202","TCGTGCTTCTCTAGGA-1","Fibroblast"
"203","TCGTGGGTCTGAGGTT-1","Fibroblast"
"204","TCTACATAGTCTGCAT-1","Fibroblast"
"205","TCTGCCACAAGGTACG-1","Fibroblast"
"206","TCTTAGTCACCATTCC-1","Fibroblast"
"207","TCTTAGTGTACTGTTG-1","Fibroblast"
"208","TCTTCCTAGAGCAGAA-1","Fibroblast"
"209","TGACAGTTCTCAATCT-1","Fibroblast"
"210","TGACCCTAGACCTGGA-1","Fibroblast"
"211","TGACGCGAGGCATCAG-1","Fibroblast"
"212","TGATTCTTCGCAACAT-1","Fibroblast"
"213","TGCAGTACAGGATGAC-1","Fibroblast"
"214","TGCATCCAGGCCTGAA-1","Fibroblast"
"215","TGCGGCACAATTGCTG-1","Fibroblast"
"216","TGGAGGAGTGTTATCG-1","Fibroblast"
"217","TGGGAAGAGGTACAGC-1","Fibroblast"
"218","TGTAACGCATACAGAA-1","Fibroblast"
"219","TGTGAGTCATTCATCT-1","Fibroblast"
"220","TGTGATGGTAATACCC-1","Fibroblast"
"221","TGTTCCGCAGCGACAA-1","Fibroblast"
"222","TGTTGAGCAAGCACAG-1","Fibroblast"
"223","TGTTTGTTCGACATAC-1","Fibroblast"
"224","TTCACGCCAAGCCATT-1","Fibroblast"
"225","TTCATTGTCGTGCGAC-1","Fibroblast"
"226","TTGATGGAGGGAGATA-1","Fibroblast"
"227","TTGGGCGAGTGAGTGC-1","Fibroblast"
"228","TTGTTCAGTCCAACGC-1","Fibroblast"
"229","TTGTTTGAGACTACCT-1","Fibroblast"
"230","TTTACTGTCACCATCC-1","Fibroblast"
"231","TTTCCTCCAGACACCC-1","Fibroblast"
"232","TTTCGATTCCGCTAGG-1","Fibroblast"
"233","TTTGATCTCACTACTT-1","Fibroblast"
"234","TTTGGTTGTAGCCAGA-1","Fibroblast"
"235","AAGACTCAGCCGATTT-1","Treg"
"236","AAGCGAGAGATGCGAC-1","Treg"
"237","AATGGAAAGCCGCTTG-1","Treg"
"238","ACGATCAAGACCTCAT-1","Treg"
"239","AGGGTCCCAGCTGAGA-1","Treg"
"240","AGGTGTTTCAACGAGG-1","Treg"
"241","AGTAGCTCATGCCGGT-1","Treg"
"242","CCACTTGCAATCAGCT-1","Treg"
"243","CCGAACGCACAATTCG-1","Treg"
"244","CGGACACGTGGCTAGA-1","Treg"
"245","CTACCTGAGTCCTGCG-1","Treg"
"246","CTAGGTACACTCCTTG-1","Treg"
"247","CTGGTCTAGTAACGAT-1","Treg"
"248","GACCGTGTCCCGGTAG-1","Treg"
"249","GATGTTGGTCACTTCC-1","Treg"
"250","GCCATGGAGTCTCCTC-1","Treg"
"251","GCGTTTCAGTGCACTT-1","Treg"
"252","GCGTTTCTCTCAACCC-1","Treg"
"253","GGGTTTAAGCTTCATG-1","Treg"
"254","GTGAGCCCAAATGAAC-1","Treg"
"255","GTTCCGTTCTTACTGT-1","Treg"
"256","TACTTACGTTAGGCTT-1","Treg"
"257","TCAGTCCTCCAGTACA-1","Treg"
"258","TCTTTGAGTCACTACA-1","Treg"
"259","TGCATGATCGATACTG-1","Treg"
"260","TTTGTTGGTCATCAGT-1","Treg"
"261","AAACCCAAGGTCGAGT-1","Ductal Cells"
"262","AAACCCAAGTGATCGG-1","Ductal Cells"
"263","AAACGAAAGCCTGACC-1","Ductal Cells"
"264","AAAGAACAGCTTTCCC-1","Ductal Cells"
"265","AAAGGATAGCATATGA-1","Ductal Cells"
"266","AAAGGGCTCTATCGCC-1","Ductal Cells"
"267","AAAGGTACAAATGCGG-1","Ductal Cells"
"268","AAAGGTAGTTCAGGTT-1","Ductal Cells"
"269","AAAGTCCAGCTGTCCG-1","Ductal Cells"
"270","AAAGTGATCACTTCTA-1","Ductal Cells"
"271","AAAGTGATCTCATAGG-1","Ductal Cells"
"272","AACAAAGTCCCTCTTT-1","Ductal Cells"
"273","AACACACGTGCACATT-1","Ductal Cells"
"274","AACAGGGTCCGGCAGT-1","Ductal Cells"
"275","AACGGGAAGCCTCATA-1","Ductal Cells"
"276","AACGGGATCGCCTAGG-1","Ductal Cells"
"277","AACTTCTGTCTACGTA-1","Ductal Cells"
"278","AACTTCTTCATAGCAC-1","Ductal Cells"
"279","AAGACAAGTTTGTTCT-1","Ductal Cells"
"280","AAGACTCAGGAGATAG-1","Ductal Cells"
"281","AAGACTCCAGAGTAAT-1","Ductal Cells"
"282","AAGATAGGTTCAAGTC-1","Ductal Cells"
"283","AAGCATCGTGTTCCTC-1","Ductal Cells"
"284","AAGCGTTAGGATATGT-1","Ductal Cells"
"285","AAGCGTTCAATCAAGA-1","Ductal Cells"
"286","AAGGTAAAGGGCAGGA-1","Ductal Cells"
"287","AATCACGCAATACCTG-1","Ductal Cells"
"288","AATCGACCACACGGTC-1","Ductal Cells"
"289","AATCGACGTCCGAAGA-1","Ductal Cells"
"290","AATCGACGTCCTTGTC-1","Ductal Cells"
"291","AATCGACTCACAGTGT-1","Ductal Cells"
"292","AATCGACTCCGCCTAT-1","Ductal Cells"
"293","AATCGTGAGGATCACG-1","Ductal Cells"
"294","AATCGTGCACACAGCC-1","Ductal Cells"
"295","AATGAAGTCGCGCTGA-1","Ductal Cells"
"296","AATGCCACAGAATGTA-1","Ductal Cells"
"297","AATTCCTAGATGCGAC-1","Ductal Cells"
"298","AATTCCTGTTTCGCTC-1","Ductal Cells"
"299","AATTTCCAGTGATGGC-1","Ductal Cells"
"300","ACAAAGAGTAGGAGTC-1","Ductal Cells"
"301","ACAACCAGTTATGTCG-1","Ductal Cells"
"302","ACACAGTCAATTGCCA-1","Ductal Cells"
"303","ACACCAACACGCCACA-1","Ductal Cells"
"304","ACACGCGAGCACACCC-1","Ductal Cells"
"305","ACACGCGAGTGTTGAA-1","Ductal Cells"
"306","ACACGCGCAATAGAGT-1","Ductal Cells"
"307","ACACTGACACCGTGCA-1","Ductal Cells"
"308","ACACTGACATGACGTT-1","Ductal Cells"
"309","ACAGAAAAGGTACATA-1","Ductal Cells"
"310","ACATCCCAGCCGGAAT-1","Ductal Cells"
"311","ACATCCCCATCCTAAG-1","Ductal Cells"
"312","ACATGCACACCGGAAA-1","Ductal Cells"
"313","ACCAAACGTCCAGCGT-1","Ductal Cells"
"314","ACCAACAAGGACAGTC-1","Ductal Cells"
"315","ACCACAAGTTTACACG-1","Ductal Cells"
"316","ACCATTTCACAAGGTG-1","Ductal Cells"
"317","ACCATTTTCGACGAGA-1","Ductal Cells"
"318","ACCCAAAGTGAGCCAA-1","Ductal Cells"
"319","ACCCTCATCGATACAC-1","Ductal Cells"
"320","ACCCTTGAGAAACTCA-1","Ductal Cells"
"321","ACCCTTGGTTCCACGG-1","Ductal Cells"
"322","ACCTGTCGTTCCGCTT-1","Ductal Cells"
"323","ACGATCAGTCACTCTC-1","Ductal Cells"
"324","ACGCACGTCGGACGTC-1","Ductal Cells"
"325","ACGGAAGCAGCGAACA-1","Ductal Cells"
"326","ACGGTCGGTCAGTTTG-1","Ductal Cells"
"327","ACGTAACGTACAATAG-1","Ductal Cells"
"328","ACGTCCTAGGGCCCTT-1","Ductal Cells"
"329","ACGTTCCCAAAGAGTT-1","Ductal Cells"
"330","ACGTTCCCACATCCCT-1","Ductal Cells"
"331","ACTATCTCATATTCGG-1","Ductal Cells"
"332","ACTATGGGTCACCCTT-1","Ductal Cells"
"333","ACTATTCAGGTGCTAG-1","Ductal Cells"
"334","ACTATTCGTCTACACA-1","Ductal Cells"
"335","ACTCCCATCCGTGTGG-1","Ductal Cells"
"336","ACTCTCGCACTCCACT-1","Ductal Cells"
"337","ACTCTCGGTTGGCTAT-1","Ductal Cells"
"338","ACTGTGACAATCTCGA-1","Ductal Cells"
"339","ACTTAGGAGCCTCACG-1","Ductal Cells"
"340","ACTTATCAGAGTTGCG-1","Ductal Cells"
"341","ACTTCCGAGATGATTG-1","Ductal Cells"
"342","ACTTCCGCACCAGTTA-1","Ductal Cells"
"343","ACTTCGCGTTGACGGA-1","Ductal Cells"
"344","ACTTTCAGTGATACAA-1","Ductal Cells"
"345","ACTTTGTCAATTCTCT-1","Ductal Cells"
"346","ACTTTGTTCAGCCTTC-1","Ductal Cells"
"347","ACTTTGTTCTAGAGCT-1","Ductal Cells"
"348","AGAACAACAAAGGCAC-1","Ductal Cells"
"349","AGAACAACAATGAGCG-1","Ductal Cells"
"350","AGAAGTAAGGAGTATT-1","Ductal Cells"
"351","AGACAAACACTACCCT-1","Ductal Cells"
"352","AGACACTGTGTCCGTG-1","Ductal Cells"
"353","AGACCCGGTCGCATTA-1","Ductal Cells"
"354","AGAGAATGTGAAGCTG-1","Ductal Cells"
"355","AGATCCACACAATGAA-1","Ductal Cells"
"356","AGATGCTCAGCAGTCC-1","Ductal Cells"
"357","AGCCACGAGCAAGCCA-1","Ductal Cells"
"358","AGCCACGTCCGGTAAT-1","Ductal Cells"
"359","AGCGCTGTCCTCACTG-1","Ductal Cells"
"360","AGCGTCGTCTGTGCTC-1","Ductal Cells"
"361","AGCTACACACCCTGTT-1","Ductal Cells"
"362","AGCTACACAGCCTATA-1","Ductal Cells"
"363","AGGAATATCAAAGGAT-1","Ductal Cells"
"364","AGGACGACAGGTAGTG-1","Ductal Cells"
"365","AGGAGGTTCCGTAGTA-1","Ductal Cells"
"366","AGGCATTAGTGTTCAC-1","Ductal Cells"
"367","AGGCCACAGCATCAAA-1","Ductal Cells"
"368","AGGCCACGTACTAAGA-1","Ductal Cells"
"369","AGGCCACGTATACCCA-1","Ductal Cells"
"370","AGGCTGCCACATACTG-1","Ductal Cells"
"371","AGGTAGGCAATTTCCT-1","Ductal Cells"
"372","AGGTCATCACTGTGTA-1","Ductal Cells"
"373","AGGTCATTCAGCGCAC-1","Ductal Cells"
"374","AGGTCTAGTATACCTG-1","Ductal Cells"
"375","AGGTGTTCAGCACACC-1","Ductal Cells"
"376","AGGTTGTCAATAGGAT-1","Ductal Cells"
"377","AGTAACCTCGTTGTGA-1","Ductal Cells"
"378","AGTACCACACTAGAGG-1","Ductal Cells"
"379","AGTACCAGTCTCACAA-1","Ductal Cells"
"380","AGTACTGTCACATACG-1","Ductal Cells"
"381","AGTAGCTAGATGGTCG-1","Ductal Cells"
"382","AGTAGCTCACACCTTC-1","Ductal Cells"
"383","AGTAGCTGTCCGAAGA-1","Ductal Cells"
"384","AGTCACATCATGGAGG-1","Ductal Cells"
"385","AGTCATGTCGAGTCCG-1","Ductal Cells"
"386","AGTCTCCTCCTCTAGC-1","Ductal Cells"
"387","AGTGACTGTTGCACGC-1","Ductal Cells"
"388","AGTGCCGCAAGGATGC-1","Ductal Cells"
"389","AGTTCGACATCTCCCA-1","Ductal Cells"
"390","AGTTCGAGTCCTCAGG-1","Ductal Cells"
"391","ATACCGAGTTATAGCC-1","Ductal Cells"
"392","ATACCGAGTTGCTCAA-1","Ductal Cells"
"393","ATACTTCAGGAATCGC-1","Ductal Cells"
"394","ATAGACCAGCCTGCCA-1","Ductal Cells"
"395","ATAGACCGTAGAAACT-1","Ductal Cells"
"396","ATAGACCGTAGGCAAC-1","Ductal Cells"
"397","ATAGAGAAGTGATCGG-1","Ductal Cells"
"398","ATAGGCTGTTAAGCAA-1","Ductal Cells"
"399","ATAGGCTTCCCGAGGT-1","Ductal Cells"
"400","ATAGGCTTCTTACGTT-1","Ductal Cells"
"401","ATATCCTCAAGGGCAT-1","Ductal Cells"
"402","ATCACAGCACCAGTAT-1","Ductal Cells"
"403","ATCAGGTGTTAGAAGT-1","Ductal Cells"
"404","ATCCGTCAGTCAGAGC-1","Ductal Cells"
"405","ATCCGTCAGTGCAACG-1","Ductal Cells"
"406","ATCCGTCCACAACGTT-1","Ductal Cells"
"407","ATCGATGCATCCGGCA-1","Ductal Cells"
"408","ATCGCCTAGTCCGCCA-1","Ductal Cells"
"409","ATCGGCGGTTGAGGAC-1","Ductal Cells"
"410","ATCGGCGTCAAGTAAG-1","Ductal Cells"
"411","ATCGTAGCAAGATTGA-1","Ductal Cells"
"412","ATCTCTATCACGAACT-1","Ductal Cells"
"413","ATCTTCAAGCCTTGAT-1","Ductal Cells"
"414","ATCTTCATCCATCTCG-1","Ductal Cells"
"415","ATGAAAGGTATCGCGC-1","Ductal Cells"
"416","ATGACCAGTGGTTTGT-1","Ductal Cells"
"417","ATGAGGGTCCGCAGTG-1","Ductal Cells"
"418","ATGAGTCTCTTCGGTC-1","Ductal Cells"
"419","ATGATCGTCTCGCTCA-1","Ductal Cells"
"420","ATGCCTCTCTTGGCTC-1","Ductal Cells"
"421","ATGGAGGCACCCTATC-1","Ductal Cells"
"422","ATGGGAGAGCGTGCCT-1","Ductal Cells"
"423","ATGGTTGGTATTCTCT-1","Ductal Cells"
"424","ATGTCCCCACGTAACT-1","Ductal Cells"
"425","ATGTCTTAGTTCTCTT-1","Ductal Cells"
"426","ATGTCTTCAACCTATG-1","Ductal Cells"
"427","ATGTCTTGTATATGGA-1","Ductal Cells"
"428","ATTACCTTCGATGCTA-1","Ductal Cells"
"429","ATTCACTCAACTTGGT-1","Ductal Cells"
"430","ATTCACTGTCGTTGCG-1","Ductal Cells"
"431","ATTCACTTCCTCATAT-1","Ductal Cells"
"432","ATTCATCGTACCGCGT-1","Ductal Cells"
"433","ATTCATCTCCCTCGAT-1","Ductal Cells"
"434","ATTGTTCGTTTCGTGA-1","Ductal Cells"
"435","ATTTCTGGTCTTGAGT-1","Ductal Cells"
"436","CAACAACCAGTCTTCC-1","Ductal Cells"
"437","CAACAGTGTTTCCAAG-1","Ductal Cells"
"438","CAACCAAAGGCTGAAC-1","Ductal Cells"
"439","CAACCAAAGTAGGCCA-1","Ductal Cells"
"440","CAACCAAGTTTGTTGG-1","Ductal Cells"
"441","CAACCTCCAGGACATG-1","Ductal Cells"
"442","CAACCTCGTCACCTTC-1","Ductal Cells"
"443","CAACGATAGTGGTCAG-1","Ductal Cells"
"444","CAACGATAGTTTGGCT-1","Ductal Cells"
"445","CAACGGCCACCAATTG-1","Ductal Cells"
"446","CAACGGCTCCTGATAG-1","Ductal Cells"
"447","CAAGCTAGTGACTAAA-1","Ductal Cells"
"448","CAAGGGAAGGATTACA-1","Ductal Cells"
"449","CAATACGTCAAGTGGG-1","Ductal Cells"
"450","CAATGACAGATGTAGT-1","Ductal Cells"
"451","CAATGACAGGTCCTGC-1","Ductal Cells"
"452","CAATTTCAGGAGAGTA-1","Ductal Cells"
"453","CAATTTCAGGCGTTGA-1","Ductal Cells"
"454","CAATTTCTCGGTATGT-1","Ductal Cells"
"455","CACAACAGTATGGGAC-1","Ductal Cells"
"456","CACAACAGTTAGAAGT-1","Ductal Cells"
"457","CACAACAGTTATAGCC-1","Ductal Cells"
"458","CACAGATTCTGCTTTA-1","Ductal Cells"
"459","CACAGGCCAACCGTGC-1","Ductal Cells"
"460","CACAGGCGTTAGGGTG-1","Ductal Cells"
"461","CACAGGCTCACCTCAC-1","Ductal Cells"
"462","CACGAATTCTGTAAGC-1","Ductal Cells"
"463","CACGGGTGTGTTTGCA-1","Ductal Cells"
"464","CACGTGGTCGGCTTCT-1","Ductal Cells"
"465","CACTAAGAGAACTGAT-1","Ductal Cells"
"466","CACTGAACAGTTAGAA-1","Ductal Cells"
"467","CACTGAATCTTCTTCC-1","Ductal Cells"
"468","CACTGGGGTAGAGGAA-1","Ductal Cells"
"469","CACTGGGTCGACGCTG-1","Ductal Cells"
"470","CACTTCGCAAGGCGTA-1","Ductal Cells"
"471","CAGAGCCAGAGCCCAA-1","Ductal Cells"
"472","CAGAGCCAGGAACATT-1","Ductal Cells"
"473","CAGAGCCGTGATAGTA-1","Ductal Cells"
"474","CAGATTGCATTCCTCG-1","Ductal Cells"
"475","CAGATTGTCACATCAG-1","Ductal Cells"
"476","CAGCAATTCGTAGCCG-1","Ductal Cells"
"477","CAGCACGGTGGTCCGT-1","Ductal Cells"
"478","CAGCAGCCAACGTAAA-1","Ductal Cells"
"479","CAGCAGCTCACACGAT-1","Ductal Cells"
"480","CAGCCAGAGATGATTG-1","Ductal Cells"
"481","CAGCGTGGTTGCGGAA-1","Ductal Cells"
"482","CAGGCCACAAACACGG-1","Ductal Cells"
"483","CAGGCCAGTCTAATCG-1","Ductal Cells"
"484","CAGTGCGTCCCGATCT-1","Ductal Cells"
"485","CAGTTCCGTAGAATAC-1","Ductal Cells"
"486","CATACAGTCGTTCCTG-1","Ductal Cells"
"487","CATACCCTCAATCCAG-1","Ductal Cells"
"488","CATACCCTCGAACTCA-1","Ductal Cells"
"489","CATACTTTCTATGCCC-1","Ductal Cells"
"490","CATAGACGTAGATCCT-1","Ductal Cells"
"491","CATCAAGTCGCATTGA-1","Ductal Cells"
"492","CATCCACCATTCACCC-1","Ductal Cells"
"493","CATCCACCATTGAGCT-1","Ductal Cells"
"494","CATCCCACATGCGTGC-1","Ductal Cells"
"495","CATCCGTAGAGAGAAC-1","Ductal Cells"
"496","CATCGGGCACAGTCAT-1","Ductal Cells"
"497","CATGAGTCAAGCGCTC-1","Ductal Cells"
"498","CATGAGTCATCGAACT-1","Ductal Cells"
"499","CATGGATTCCACATAG-1","Ductal Cells"
"500","CATGGATTCCCTCGAT-1","Ductal Cells"
"501","CATTCATCAGTCACGC-1","Ductal Cells"
"502","CATTCTATCATGCTAG-1","Ductal Cells"
"503","CATTGAGTCTGCCTGT-1","Ductal Cells"
"504","CATTGCCGTGGAACAC-1","Ductal Cells"
"505","CATTGTTAGCGCAATG-1","Ductal Cells"
"506","CATTTCAGTTGGCCTG-1","Ductal Cells"
"507","CATTTCATCCCAGTGG-1","Ductal Cells"
"508","CCAATGACATCCGATA-1","Ductal Cells"
"509","CCAATTTAGTGTAGTA-1","Ductal Cells"
"510","CCAATTTCACTGAATC-1","Ductal Cells"
"511","CCACAAAAGTATGTAG-1","Ductal Cells"
"512","CCACAAATCCTTCTTC-1","Ductal Cells"
"513","CCACCATGTAATACCC-1","Ductal Cells"
"514","CCACGAGTCGTTACCC-1","Ductal Cells"
"515","CCACGTTAGACCGCCT-1","Ductal Cells"
"516","CCACGTTCATGAGTAA-1","Ductal Cells"
"517","CCACTTGCAACACAAA-1","Ductal Cells"
"518","CCATCACTCTCCAATT-1","Ductal Cells"
"519","CCCAACTTCCCGGTAG-1","Ductal Cells"
"520","CCCATTGAGATTAGCA-1","Ductal Cells"
"521","CCCGAAGCAGAGAATT-1","Ductal Cells"
"522","CCCTCAATCTACGCGG-1","Ductal Cells"
"523","CCCTTAGGTCTACAGT-1","Ductal Cells"
"524","CCGCAAGCAGCTGTCG-1","Ductal Cells"
"525","CCGGTAGAGCATTTCG-1","Ductal Cells"
"526","CCGGTAGGTGGCATCC-1","Ductal Cells"
"527","CCGTAGGGTTTGTGGT-1","Ductal Cells"
"528","CCTAACCTCTTTGCGC-1","Ductal Cells"
"529","CCTAAGAAGGTATTGA-1","Ductal Cells"
"530","CCTACGTTCCGACATA-1","Ductal Cells"
"531","CCTCAACTCGAGATAA-1","Ductal Cells"
"532","CCTCACACAGAAACCG-1","Ductal Cells"
"533","CCTCACAGTATTCTCT-1","Ductal Cells"
"534","CCTCACAGTTCAGTAC-1","Ductal Cells"
"535","CCTCAGTTCCATTGGA-1","Ductal Cells"
"536","CCTCCTCGTCGGTAAG-1","Ductal Cells"
"537","CCTCTAGCATCGGAGA-1","Ductal Cells"
"538","CCTCTCCGTCTACACA-1","Ductal Cells"
"539","CCTCTCCTCTATTTCG-1","Ductal Cells"
"540","CCTGCATCACCAGCCA-1","Ductal Cells"
"541","CCTGCATCATTGACTG-1","Ductal Cells"
"542","CCTGCATGTCCAGTTA-1","Ductal Cells"
"543","CCTGTTGCATTCAGGT-1","Ductal Cells"
"544","CCTGTTGGTATGCTTG-1","Ductal Cells"
"545","CCTGTTGGTGTTCCTC-1","Ductal Cells"
"546","CCTTCAGGTCGTACAT-1","Ductal Cells"
"547","CCTTGTGTCCAACTAG-1","Ductal Cells"
"548","CGAAGGACAGATTCGT-1","Ductal Cells"
"549","CGAATTGGTATAGGGC-1","Ductal Cells"
"550","CGAATTGTCCAGTGTA-1","Ductal Cells"
"551","CGACAGCAGTCGTTAC-1","Ductal Cells"
"552","CGACAGCCAGCGCGTT-1","Ductal Cells"
"553","CGACAGCCATAGACTC-1","Ductal Cells"
"554","CGACAGCGTGTCCGGT-1","Ductal Cells"
"555","CGAGAAGGTTAAACCC-1","Ductal Cells"
"556","CGAGAAGTCAGACCTA-1","Ductal Cells"
"557","CGAGGAATCGCAGATT-1","Ductal Cells"
"558","CGAGGCTGTCAGGCAA-1","Ductal Cells"
"559","CGAGGCTTCGTTGTTT-1","Ductal Cells"
"560","CGAGTGCGTTTGGCTA-1","Ductal Cells"
"561","CGATCGGTCACCACAA-1","Ductal Cells"
"562","CGATGGCCACAGAGCA-1","Ductal Cells"
"563","CGCATAAAGGCACGAT-1","Ductal Cells"
"564","CGCATAATCTGGCCGA-1","Ductal Cells"
"565","CGCATGGAGGGCTAAC-1","Ductal Cells"
"566","CGCCAGAGTAGAGGAA-1","Ductal Cells"
"567","CGCCAGAGTTCATCTT-1","Ductal Cells"
"568","CGCCATTCACTTTATC-1","Ductal Cells"
"569","CGCGTGACACCCAAGC-1","Ductal Cells"
"570","CGGAACCAGTTCGGTT-1","Ductal Cells"
"571","CGGAACCGTATGCTTG-1","Ductal Cells"
"572","CGGAATTAGTGTACAA-1","Ductal Cells"
"573","CGGACACGTTTACTTC-1","Ductal Cells"
"574","CGGCAGTAGCGAAACC-1","Ductal Cells"
"575","CGGCAGTAGCTCATAC-1","Ductal Cells"
"576","CGGCAGTCACCAACAT-1","Ductal Cells"
"577","CGGGACTGTAACAGGC-1","Ductal Cells"
"578","CGGGCATGTTATTCCT-1","Ductal Cells"
"579","CGGGTCACACTACCCT-1","Ductal Cells"
"580","CGGGTCATCCCGAGTG-1","Ductal Cells"
"581","CGGGTGTGTATCGTGT-1","Ductal Cells"
"582","CGGGTGTGTTTCGTGA-1","Ductal Cells"
"583","CGGGTGTTCGGTGTAT-1","Ductal Cells"
"584","CGGTCAGCACCACTGG-1","Ductal Cells"
"585","CGTAAGTGTATGAAGT-1","Ductal Cells"
"586","CGTAATGTCCATCGTC-1","Ductal Cells"
"587","CGTAATGTCCGGGACT-1","Ductal Cells"
"588","CGTGAATAGCTTTCCC-1","Ductal Cells"
"589","CGTGAATGTGGATCGA-1","Ductal Cells"
"590","CGTGTCTCACTGCACG-1","Ductal Cells"
"591","CGTGTCTGTTCCTAAG-1","Ductal Cells"
"592","CTAACCCGTTAATCGC-1","Ductal Cells"
"593","CTACCTGCACCAATTG-1","Ductal Cells"
"594","CTACGGGCAGGCGATA-1","Ductal Cells"
"595","CTACTATTCCTAAGTG-1","Ductal Cells"
"596","CTAGACACAATCGAAA-1","Ductal Cells"
"597","CTAGACATCACGGGCT-1","Ductal Cells"
"598","CTAGGTATCGCTGTTC-1","Ductal Cells"
"599","CTCAACCAGAAAGTCT-1","Ductal Cells"
"600","CTCAACCAGGGATGTC-1","Ductal Cells"
"601","CTCAATTAGTGGTGGT-1","Ductal Cells"
"602","CTCACTGAGAATTCAG-1","Ductal Cells"
"603","CTCACTGGTAATCAGA-1","Ductal Cells"
"604","CTCACTGTCTGTCCGT-1","Ductal Cells"
"605","CTCAGAACACATTCGA-1","Ductal Cells"
"606","CTCAGTCCACCCTAGG-1","Ductal Cells"
"607","CTCATGCAGTAGCATA-1","Ductal Cells"
"608","CTCATGCCACTCACTC-1","Ductal Cells"
"609","CTCCAACGTTCCACGG-1","Ductal Cells"
"610","CTCCAACTCAATCCAG-1","Ductal Cells"
"611","CTCCACAGTTCTATCT-1","Ductal Cells"
"612","CTCCACATCGTGCAGC-1","Ductal Cells"
"613","CTCCCAAGTAGGTAGC-1","Ductal Cells"
"614","CTCCCTCAGGTGAGCT-1","Ductal Cells"
"615","CTCCGATCAGAAATTG-1","Ductal Cells"
"616","CTCCGATTCATGAGAA-1","Ductal Cells"
"617","CTCGAGGAGACAACAT-1","Ductal Cells"
"618","CTGAGCGAGTGGATTA-1","Ductal Cells"
"619","CTGAGGCAGGTCTACT-1","Ductal Cells"
"620","CTGAGGCGTGGCGTAA-1","Ductal Cells"
"621","CTGCCTAAGCATACTC-1","Ductal Cells"
"622","CTGGACGCACAGACGA-1","Ductal Cells"
"623","CTGGTCTTCATTGAGC-1","Ductal Cells"
"624","CTGTACCGTGCATTAC-1","Ductal Cells"
"625","CTGTACCTCGATTTCT-1","Ductal Cells"
"626","CTGTATTTCCTGTTGC-1","Ductal Cells"
"627","CTGTGGGTCGCGGTAC-1","Ductal Cells"
"628","CTTAGGAGTTCGAGCC-1","Ductal Cells"
"629","CTTAGGATCTTTGCGC-1","Ductal Cells"
"630","CTTCAATAGAAGCGAA-1","Ductal Cells"
"631","CTTCAATAGAGTAACT-1","Ductal Cells"
"632","CTTCCTTCAGCTGTGC-1","Ductal Cells"
"633","CTTCCTTGTCGAAGCA-1","Ductal Cells"
"634","CTTCTAAAGGCAGCTA-1","Ductal Cells"
"635","CTTCTAAGTCGTGGAA-1","Ductal Cells"
"636","CTTCTCTTCGTGAGAG-1","Ductal Cells"
"637","CTTGAGAAGTTAGTGA-1","Ductal Cells"
"638","GAAACCTGTGTAGTGG-1","Ductal Cells"
"639","GAAATGACACATTGTG-1","Ductal Cells"
"640","GAAATGAGTCGAACAG-1","Ductal Cells"
"641","GAAATGATCCGACATA-1","Ductal Cells"
"642","GAACACTCAGAGCTAG-1","Ductal Cells"
"643","GAACACTCATCCGATA-1","Ductal Cells"
"644","GAACGTTCAGAGTAAT-1","Ductal Cells"
"645","GAAGAATAGCGCATCC-1","Ductal Cells"
"646","GAAGAATGTTAACCTG-1","Ductal Cells"
"647","GAAGCCCCATCGATGT-1","Ductal Cells"
"648","GAAGCCCGTGAGGCAT-1","Ductal Cells"
"649","GAAGCGACAACGTAAA-1","Ductal Cells"
"650","GAAGCGAGTATGTCAC-1","Ductal Cells"
"651","GAAGGACGTCGCACGT-1","Ductal Cells"
"652","GAAGGGTGTATCCCAA-1","Ductal Cells"
"653","GAAGGGTGTGAGTTGG-1","Ductal Cells"
"654","GAATAGAAGTTACGGG-1","Ductal Cells"
"655","GAATCACAGACATATG-1","Ductal Cells"
"656","GAATCACGTGCATACT-1","Ductal Cells"
"657","GACAGCCGTGCACAAG-1","Ductal Cells"
"658","GACAGCCGTGGGCTTC-1","Ductal Cells"
"659","GACAGCCTCTATTTCG-1","Ductal Cells"
"660","GACCCTTGTACCTTCC-1","Ductal Cells"
"661","GACCTTCCATGACTCA-1","Ductal Cells"
"662","GACGTTAAGGTTAGTA-1","Ductal Cells"
"663","GACGTTACATCATCTT-1","Ductal Cells"
"664","GACGTTAGTGGTATGG-1","Ductal Cells"
"665","GACTATGAGGGCAATC-1","Ductal Cells"
"666","GACTATGGTTCCGGTG-1","Ductal Cells"
"667","GACTCAATCGCTGTCT-1","Ductal Cells"
"668","GACTCTCGTTGTGCAT-1","Ductal Cells"
"669","GACTGATCATGAGGGT-1","Ductal Cells"
"670","GACTGATTCAAGCCGC-1","Ductal Cells"
"671","GACTTCCAGAATAGTC-1","Ductal Cells"
"672","GACTTCCAGAGAGTGA-1","Ductal Cells"
"673","GAGAAATGTTGTATGC-1","Ductal Cells"
"674","GAGACTTCATCTCAAG-1","Ductal Cells"
"675","GAGCTGCAGCCTTGAT-1","Ductal Cells"
"676","GAGGCCTGTCCGATCG-1","Ductal Cells"
"677","GAGGGATTCACTACGA-1","Ductal Cells"
"678","GAGGGTATCGAGCCAC-1","Ductal Cells"
"679","GAGTGAGTCCTGCCAT-1","Ductal Cells"
"680","GAGTGTTTCGATGCAT-1","Ductal Cells"
"681","GATAGAACAGATTTCG-1","Ductal Cells"
"682","GATAGAAGTTGGACTT-1","Ductal Cells"
"683","GATAGAATCAGCAATC-1","Ductal Cells"
"684","GATAGCTGTTACCTGA-1","Ductal Cells"
"685","GATCACACAATACGAA-1","Ductal Cells"
"686","GATCATGGTATTTCCT-1","Ductal Cells"
"687","GATCCCTAGACGAAGA-1","Ductal Cells"
"688","GATCGTATCGAAGGAC-1","Ductal Cells"
"689","GATGACTAGTAGAGTT-1","Ductal Cells"
"690","GATGACTGTAGCGAGT-1","Ductal Cells"
"691","GATGACTTCGAGGCAA-1","Ductal Cells"
"692","GATGAGGGTAGACACG-1","Ductal Cells"
"693","GATGCTAAGATGCTTC-1","Ductal Cells"
"694","GATGCTAGTAAGCGGT-1","Ductal Cells"
"695","GATGGAGCAAGTTCCA-1","Ductal Cells"
"696","GATGGAGCAATCCTAG-1","Ductal Cells"
"697","GATGTTGGTATTAAGG-1","Ductal Cells"
"698","GATTCTTAGAATTCAG-1","Ductal Cells"
"699","GATTCTTAGGACAACC-1","Ductal Cells"
"700","GATTCTTCACGGGCTT-1","Ductal Cells"
"701","GATTCTTCACTTCAAG-1","Ductal Cells"
"702","GATTGGTAGCAGGGAG-1","Ductal Cells"
"703","GATTGGTCAACCAACT-1","Ductal Cells"
"704","GATTGGTGTCCTTGTC-1","Ductal Cells"
"705","GATTTCTAGGTACAAT-1","Ductal Cells"
"706","GCAACATCATGGAACG-1","Ductal Cells"
"707","GCACGGTGTAGGAGGG-1","Ductal Cells"
"708","GCAGCTGGTATCTCTT-1","Ductal Cells"
"709","GCAGCTGTCGCTAAAC-1","Ductal Cells"
"710","GCAGTTACAAGGTACG-1","Ductal Cells"
"711","GCAGTTACACTCTCGT-1","Ductal Cells"
"712","GCATCTCAGCTAGAGC-1","Ductal Cells"
"713","GCATGATAGTTGCCTA-1","Ductal Cells"
"714","GCATGATTCTAGTTCT-1","Ductal Cells"
"715","GCATTAGCATGAATAG-1","Ductal Cells"
"716","GCCAGCAAGCATATGA-1","Ductal Cells"
"717","GCCAGGTGTACAAAGT-1","Ductal Cells"
"718","GCCAGGTGTCTGATCA-1","Ductal Cells"
"719","GCCCAGAAGCACCGAA-1","Ductal Cells"
"720","GCCCGAAGTACGATTC-1","Ductal Cells"
"721","GCCCGAAGTGAGACGT-1","Ductal Cells"
"722","GCCGTGATCACCTTAT-1","Ductal Cells"
"723","GCGATCGTCTCTAGGA-1","Ductal Cells"
"724","GCTACAAGTTGTCCCT-1","Ductal Cells"
"725","GCTACAATCGTACCTC-1","Ductal Cells"
"726","GCTGAATAGGGCAAGG-1","Ductal Cells"
"727","GCTGGGTTCAGGAACG-1","Ductal Cells"
"728","GCTTCACAGAACTCCT-1","Ductal Cells"
"729","GCTTGGGAGATGCAGC-1","Ductal Cells"
"730","GCTTTCGAGCAAGTCG-1","Ductal Cells"
"731","GGAAGTGGTTTGCCGG-1","Ductal Cells"
"732","GGAATCTGTGTCCTAA-1","Ductal Cells"
"733","GGAATGGAGCAGTCTT-1","Ductal Cells"
"734","GGAGAACTCATCGCTC-1","Ductal Cells"
"735","GGAGATGTCCACTTCG-1","Ductal Cells"
"736","GGAGCAAAGGTTCACT-1","Ductal Cells"
"737","GGAGGATGTGTGTGTT-1","Ductal Cells"
"738","GGATCTAAGGCCACCT-1","Ductal Cells"
"739","GGCAGTCTCTCGAACA-1","Ductal Cells"
"740","GGCTTTCCACTAGTAC-1","Ductal Cells"
"741","GGCTTTCGTGCAGTGA-1","Ductal Cells"
"742","GGGAAGTGTTAGAGTA-1","Ductal Cells"
"743","GGGAAGTTCGTTGCCT-1","Ductal Cells"
"744","GGGACCTCAGAGAGGG-1","Ductal Cells"
"745","GGGACCTGTGCAAGAC-1","Ductal Cells"
"746","GGGACTCAGGATGTTA-1","Ductal Cells"
"747","GGGAGATAGCTGGCTC-1","Ductal Cells"
"748","GGGAGTAAGATCGGTG-1","Ductal Cells"
"749","GGGATGAGTTACCGTA-1","Ductal Cells"
"750","GGGATGATCTCGGGAC-1","Ductal Cells"
"751","GGGCGTTAGCACACCC-1","Ductal Cells"
"752","GGGCTACGTCAAGGCA-1","Ductal Cells"
"753","GGGTAGAAGCAATTCC-1","Ductal Cells"
"754","GGGTAGATCAAATGCC-1","Ductal Cells"
"755","GGGTATTAGAGCAGCT-1","Ductal Cells"
"756","GGGTCACTCACCTGTC-1","Ductal Cells"
"757","GGGTCTGTCAAAGAAC-1","Ductal Cells"
"758","GGGTTATCAGTTACCA-1","Ductal Cells"
"759","GGGTTTAAGACGCTCC-1","Ductal Cells"
"760","GGTAATCCATCCAATG-1","Ductal Cells"
"761","GGTAGAGGTGCATTAC-1","Ductal Cells"
"762","GGTAGAGTCTTACCAT-1","Ductal Cells"
"763","GGTCTGGGTAGCTGCC-1","Ductal Cells"
"764","GGTCTGGGTTCTCCTG-1","Ductal Cells"
"765","GGTGATTGTGCCTGCA-1","Ductal Cells"
"766","GGTGATTTCACGATCA-1","Ductal Cells"
"767","GGTGTCGAGCAGGCAT-1","Ductal Cells"
"768","GGTGTCGGTCTTTATC-1","Ductal Cells"
"769","GGTGTTACAAACCATC-1","Ductal Cells"
"770","GTAACACAGTGAACAT-1","Ductal Cells"
"771","GTAACCAAGAGCCATG-1","Ductal Cells"
"772","GTAATGCAGGATTTCC-1","Ductal Cells"
"773","GTAATGCCAGAAATCA-1","Ductal Cells"
"774","GTAATGCTCTCTATGT-1","Ductal Cells"
"775","GTACAACGTTGCTTGA-1","Ductal Cells"
"776","GTAGAGGAGCAGCAGT-1","Ductal Cells"
"777","GTAGAGGAGCATCAAA-1","Ductal Cells"
"778","GTAGAGGTCTTTCTAG-1","Ductal Cells"
"779","GTAGATCTCCGCATAA-1","Ductal Cells"
"780","GTAGATCTCGTGGAAG-1","Ductal Cells"
"781","GTAGGTTAGACAAGCC-1","Ductal Cells"
"782","GTAGTACGTTCAGCTA-1","Ductal Cells"
"783","GTATTGGCAAGGCTTT-1","Ductal Cells"
"784","GTATTGGTCGACACTA-1","Ductal Cells"
"785","GTCAAGTAGTCAGAGC-1","Ductal Cells"
"786","GTCAAGTCATACAGGG-1","Ductal Cells"
"787","GTCAGCGTCCTACAAG-1","Ductal Cells"
"788","GTCATGAAGGAACGAA-1","Ductal Cells"
"789","GTCCCATGTTCCTAGA-1","Ductal Cells"
"790","GTCCTCACATGGGAAC-1","Ductal Cells"
"791","GTCCTCAGTAAGTTGA-1","Ductal Cells"
"792","GTCCTCATCCCGATCT-1","Ductal Cells"
"793","GTCGTAAAGAGGTGCT-1","Ductal Cells"
"794","GTCGTAAGTATCACGT-1","Ductal Cells"
"795","GTCGTAAGTTCGGCCA-1","Ductal Cells"
"796","GTCGTTCAGCGCACAA-1","Ductal Cells"
"797","GTCTAGACATCTGTTT-1","Ductal Cells"
"798","GTCTGTCTCTGGAGAG-1","Ductal Cells"
"799","GTCTTTAAGAGTGTTA-1","Ductal Cells"
"800","GTCTTTAGTCCAGTTA-1","Ductal Cells"
"801","GTGACGCTCAGGGTAG-1","Ductal Cells"
"802","GTGAGGAAGTGGACTG-1","Ductal Cells"
"803","GTGAGTTTCCGCGATG-1","Ductal Cells"
"804","GTGAGTTTCTGCTTTA-1","Ductal Cells"
"805","GTGCGTGAGCTGGCTC-1","Ductal Cells"
"806","GTGCTGGCAGATCCAT-1","Ductal Cells"
"807","GTGCTGGGTCGTACAT-1","Ductal Cells"
"808","GTGCTTCCAAAGCTAA-1","Ductal Cells"
"809","GTGCTTCGTGATAGAT-1","Ductal Cells"
"810","GTGCTTCTCTCGCTCA-1","Ductal Cells"
"811","GTGGAAGAGACACACG-1","Ductal Cells"
"812","GTGGAAGAGTTTCAGC-1","Ductal Cells"
"813","GTGGAAGGTACAGAGC-1","Ductal Cells"
"814","GTGGAAGTCGGCATTA-1","Ductal Cells"
"815","GTGGCGTCATGCCGCA-1","Ductal Cells"
"816","GTGGCGTCATGGAGAC-1","Ductal Cells"
"817","GTGGTTAAGACCAGAC-1","Ductal Cells"
"818","GTGGTTAGTGGCTGAA-1","Ductal Cells"
"819","GTGTGATCAATGTTGC-1","Ductal Cells"
"820","GTGTGATCATTAGGAA-1","Ductal Cells"
"821","GTGTGATGTTGTCTAG-1","Ductal Cells"
"822","GTGTTAGAGAAACCAT-1","Ductal Cells"
"823","GTGTTAGGTAACCCGC-1","Ductal Cells"
"824","GTTACAGTCGGCATAT-1","Ductal Cells"
"825","GTTACCCCAATAACGA-1","Ductal Cells"
"826","GTTACGAGTGCCGGTT-1","Ductal Cells"
"827","GTTAGACAGTCGAGGT-1","Ductal Cells"
"828","GTTAGACCAACTGTGT-1","Ductal Cells"
"829","GTTAGACCAGAGGGTT-1","Ductal Cells"
"830","GTTAGTGGTCAGATTC-1","Ductal Cells"
"831","GTTCCGTAGAGCACTG-1","Ductal Cells"
"832","GTTCCGTAGTGCTCAT-1","Ductal Cells"
"833","GTTGAACGTAAGTCAA-1","Ductal Cells"
"834","GTTGTAGGTTGCCGAC-1","Ductal Cells"
"835","GTTTGGAAGACCAACG-1","Ductal Cells"
"836","GTTTGGACAAAGGTTA-1","Ductal Cells"
"837","TAACACGTCGAGAAAT-1","Ductal Cells"
"838","TAACCAGGTGCCTGCA-1","Ductal Cells"
"839","TAACGACAGGTTGACG-1","Ductal Cells"
"840","TAACGACAGTGCTACT-1","Ductal Cells"
"841","TAACTTCGTTGAATCC-1","Ductal Cells"
"842","TAATTCCGTGTTTCTT-1","Ductal Cells"
"843","TACAACGTCCGATAGT-1","Ductal Cells"
"844","TACAACGTCGTGAGAG-1","Ductal Cells"
"845","TACATTCAGGAGATAG-1","Ductal Cells"
"846","TACCCACGTCAGTTTG-1","Ductal Cells"
"847","TACCGGGGTCCCTGAG-1","Ductal Cells"
"848","TACCTCGAGAAGCGCT-1","Ductal Cells"
"849","TACGCTCTCAAGGTGG-1","Ductal Cells"
"850","TACGGGCCACAATTCG-1","Ductal Cells"
"851","TACGGTAAGCATAGGC-1","Ductal Cells"
"852","TACTGCCAGCACTCAT-1","Ductal Cells"
"853","TACTGCCGTATACCCA-1","Ductal Cells"
"854","TACTTACTCCGGACTG-1","Ductal Cells"
"855","TACTTGTTCGCCCAGA-1","Ductal Cells"
"856","TACTTGTTCGCTCCTA-1","Ductal Cells"
"857","TAGACCAAGCAGTACG-1","Ductal Cells"
"858","TAGACTGGTGGTTTGT-1","Ductal Cells"
"859","TAGCACACAATAGGGC-1","Ductal Cells"
"860","TAGCACAGTACAGGTG-1","Ductal Cells"
"861","TAGCACATCAGTCATG-1","Ductal Cells"
"862","TAGGGTTCAGAACATA-1","Ductal Cells"
"863","TAGTGCATCAGAGTTC-1","Ductal Cells"
"864","TAGTGCATCCAGCACG-1","Ductal Cells"
"865","TATACCTGTGCCTGAC-1","Ductal Cells"
"866","TATATCCAGCTTTCTT-1","Ductal Cells"
"867","TATATCCCACAGTATC-1","Ductal Cells"
"868","TATCGCCAGTATTCCG-1","Ductal Cells"
"869","TATCGCCTCGCTGATA-1","Ductal Cells"
"870","TATGTTCAGTTATGGA-1","Ductal Cells"
"871","TATTCCACACTACACA-1","Ductal Cells"
"872","TATTGCTTCCTTTAGT-1","Ductal Cells"
"873","TATTTCGCAGTATTCG-1","Ductal Cells"
"874","TATTTCGGTATAGGGC-1","Ductal Cells"
"875","TCAAGCATCTGCGTCT-1","Ductal Cells"
"876","TCAATCTTCCCAGGAC-1","Ductal Cells"
"877","TCAATTCGTATCTCTT-1","Ductal Cells"
"878","TCAATTCGTTCCGGTG-1","Ductal Cells"
"879","TCACAAGAGTTAACGA-1","Ductal Cells"
"880","TCACAAGCAGTTTCAG-1","Ductal Cells"
"881","TCACACCTCCGAAATC-1","Ductal Cells"
"882","TCACACCTCCGCAACG-1","Ductal Cells"
"883","TCACATTCAACAGAGC-1","Ductal Cells"
"884","TCACATTTCACGAGGA-1","Ductal Cells"
"885","TCACGCTGTAATACCC-1","Ductal Cells"
"886","TCACGCTTCTAGACCA-1","Ductal Cells"
"887","TCAGCAATCGACGCGT-1","Ductal Cells"
"888","TCAGCAATCGTTCGCT-1","Ductal Cells"
"889","TCAGCCTCACGTGTGC-1","Ductal Cells"
"890","TCAGGGCAGTAGCTCT-1","Ductal Cells"
"891","TCAGGGCTCCCTCTTT-1","Ductal Cells"
"892","TCAGTCCAGTCTCGTA-1","Ductal Cells"
"893","TCAGTCCCAGTTTCGA-1","Ductal Cells"
"894","TCAGTTTAGATCCCAT-1","Ductal Cells"
"895","TCAGTTTCAGACCTAT-1","Ductal Cells"
"896","TCATATCAGTTGAAAC-1","Ductal Cells"
"897","TCATCCGCAAAGGCAC-1","Ductal Cells"
"898","TCATCCGCAATACGAA-1","Ductal Cells"
"899","TCATGAGCAGGACATG-1","Ductal Cells"
"900","TCATGAGTCAATCCAG-1","Ductal Cells"
"901","TCATGCCCAGGAAGTC-1","Ductal Cells"
"902","TCATGCCCATCACGGC-1","Ductal Cells"
"903","TCATGCCGTTGCTGAT-1","Ductal Cells"
"904","TCATGGATCGCAATTG-1","Ductal Cells"
"905","TCATTACCACTGTCCT-1","Ductal Cells"
"906","TCATTGTCAATACGAA-1","Ductal Cells"
"907","TCATTGTCACGGCCAT-1","Ductal Cells"
"908","TCATTGTTCATCACAG-1","Ductal Cells"
"909","TCATTTGGTAGAATAC-1","Ductal Cells"
"910","TCCACGTTCAGCATTG-1","Ductal Cells"
"911","TCCATCGCAACGAGGT-1","Ductal Cells"
"912","TCCCACATCAAAGGAT-1","Ductal Cells"
"913","TCCCAGTAGCTAAGTA-1","Ductal Cells"
"914","TCCGAAAAGGAAAGTG-1","Ductal Cells"
"915","TCCGAAATCCTCAGGG-1","Ductal Cells"
"916","TCCGGGATCCGATCTC-1","Ductal Cells"
"917","TCCGTGTCACAGAAGC-1","Ductal Cells"
"918","TCCTAATTCCTGCCAT-1","Ductal Cells"
"919","TCCTCCCAGAGTCCGA-1","Ductal Cells"
"920","TCCTCTTAGTGCTAGG-1","Ductal Cells"
"921","TCCTCTTTCAAGGCTT-1","Ductal Cells"
"922","TCCTGCAAGACGCCCT-1","Ductal Cells"
"923","TCCTTTCAGGTCTACT-1","Ductal Cells"
"924","TCCTTTCCAGTCTACA-1","Ductal Cells"
"925","TCGAAGTCACAACATC-1","Ductal Cells"
"926","TCGACGGCACAGTCCG-1","Ductal Cells"
"927","TCGCACTCAGCTATAC-1","Ductal Cells"
"928","TCGCTCAGTCACAATC-1","Ductal Cells"
"929","TCGCTTGAGGATACCG-1","Ductal Cells"
"930","TCGCTTGCACCTATCC-1","Ductal Cells"
"931","TCGGATACAGACAAGC-1","Ductal Cells"
"932","TCGGGACAGCCGAACA-1","Ductal Cells"
"933","TCGGGACCAGCATCTA-1","Ductal Cells"
"934","TCGGGTGAGATCCTAC-1","Ductal Cells"
"935","TCGGTCTTCTACTGCC-1","Ductal Cells"
"936","TCGGTCTTCTAGACCA-1","Ductal Cells"
"937","TCGTAGAGTGACATCT-1","Ductal Cells"
"938","TCGTCCACAGAGTGAC-1","Ductal Cells"
"939","TCGTGGGGTGCAATGG-1","Ductal Cells"
"940","TCGTGGGGTTAATCGC-1","Ductal Cells"
"941","TCTATCAAGCTGGCCT-1","Ductal Cells"
"942","TCTATCATCTAGCCAA-1","Ductal Cells"
"943","TCTCACGCACTGGCCA-1","Ductal Cells"
"944","TCTCTGGCAGTGTGCC-1","Ductal Cells"
"945","TCTGTCGAGGTTACCT-1","Ductal Cells"
"946","TCTGTCGTCTGCTAGA-1","Ductal Cells"
"947","TCTTAGTAGAGTGAAG-1","Ductal Cells"
"948","TCTTAGTGTGAGATAT-1","Ductal Cells"
"949","TCTTAGTTCTAGTGTG-1","Ductal Cells"
"950","TCTTCCTAGGTTGGAC-1","Ductal Cells"
"951","TCTTCCTGTAGTATAG-1","Ductal Cells"
"952","TCTTTGACATAGACTC-1","Ductal Cells"
"953","TGAATCGCAGGATGAC-1","Ductal Cells"
"954","TGAATCGGTGCTATTG-1","Ductal Cells"
"955","TGAATGCAGGTTAGTA-1","Ductal Cells"
"956","TGAATGCCAAGACCGA-1","Ductal Cells"
"957","TGAATGCGTTGTGTTG-1","Ductal Cells"
"958","TGACCCTTCTCCTGAC-1","Ductal Cells"
"959","TGACGCGCAGATGCGA-1","Ductal Cells"
"960","TGAGACTCATTGAGCT-1","Ductal Cells"
"961","TGAGGAGCACCCTATC-1","Ductal Cells"
"962","TGAGGAGTCTACGGTA-1","Ductal Cells"
"963","TGAGGTTTCCTCACCA-1","Ductal Cells"
"964","TGAGTCACAAGAGAGA-1","Ductal Cells"
"965","TGATCTTCACCTGATA-1","Ductal Cells"
"966","TGATGCAAGGCTATCT-1","Ductal Cells"
"967","TGATGCAAGTCACTGT-1","Ductal Cells"
"968","TGATGCAGTAGCTTGT-1","Ductal Cells"
"969","TGATTTCAGGCAGTCA-1","Ductal Cells"
"970","TGCACGGCATTCTGTT-1","Ductal Cells"
"971","TGCAGGCCACTGTCGG-1","Ductal Cells"
"972","TGCAGTAAGATTAGCA-1","Ductal Cells"
"973","TGCATCCCACAAGCCC-1","Ductal Cells"
"974","TGCCGAGCATAACAGA-1","Ductal Cells"
"975","TGCGATAGTCAATGGG-1","Ductal Cells"
"976","TGCGGCAAGGTTCTTG-1","Ductal Cells"
"977","TGCTCCAGTCATACCA-1","Ductal Cells"
"978","TGCTCCAGTGAGAACC-1","Ductal Cells"
"979","TGCTCCATCGACACTA-1","Ductal Cells"
"980","TGCTCGTCATCAGTGT-1","Ductal Cells"
"981","TGCTGAAAGTACGTCT-1","Ductal Cells"
"982","TGCTTGCCAGAGTCTT-1","Ductal Cells"
"983","TGGAACTAGCCAAGGT-1","Ductal Cells"
"984","TGGAACTTCCACGGAC-1","Ductal Cells"
"985","TGGAGGAAGTTATGGA-1","Ductal Cells"
"986","TGGCGTGCACATAACC-1","Ductal Cells"
"987","TGGGAAGGTGCCTTCT-1","Ductal Cells"
"988","TGGGATTGTCTGCATA-1","Ductal Cells"
"989","TGGGCGTCACCTGCAG-1","Ductal Cells"
"990","TGGGCGTCAGCTGGTC-1","Ductal Cells"
"991","TGGGTTAAGCTAAGTA-1","Ductal Cells"
"992","TGGGTTATCAAGCTTG-1","Ductal Cells"
"993","TGGGTTATCAATCGGT-1","Ductal Cells"
"994","TGTAACGAGTTCAACC-1","Ductal Cells"
"995","TGTACAGAGCTAAACA-1","Ductal Cells"
"996","TGTCCACAGGTTCTAC-1","Ductal Cells"
"997","TGTCCCACATGTTCAG-1","Ductal Cells"
"998","TGTCCTGGTTCCATTT-1","Ductal Cells"
"999","TGTGAGTGTCTACTGA-1","Ductal Cells"
"1000","TGTGAGTTCCGAGTGC-1","Ductal Cells"
"1001","TGTGATGAGCGATGAC-1","Ductal Cells"
"1002","TGTGGCGGTATCACCA-1","Ductal Cells"
"1003","TGTGTGACACGCTATA-1","Ductal Cells"
"1004","TGTTACTCAGTGGCTC-1","Ductal Cells"
"1005","TGTTCATAGAGATCGC-1","Ductal Cells"
"1006","TGTTCATGTATTGAGA-1","Ductal Cells"
"1007","TGTTCTAGTAGGGAGG-1","Ductal Cells"
"1008","TGTTGAGGTACAGAAT-1","Ductal Cells"
"1009","TGTTGAGGTTAAGTCC-1","Ductal Cells"
"1010","TGTTGGACACTAGAGG-1","Ductal Cells"
"1011","TGTTGGATCCTCTTTC-1","Ductal Cells"
"1012","TGTTTGTGTCACGACC-1","Ductal Cells"
"1013","TGTTTGTTCTAGATCG-1","Ductal Cells"
"1014","TTAATCCGTCGGTAAG-1","Ductal Cells"
"1015","TTACAGGTCCCGAACG-1","Ductal Cells"
"1016","TTACCATGTATACAGA-1","Ductal Cells"
"1017","TTACCGCAGGGAGGGT-1","Ductal Cells"
"1018","TTACCGCCATAAGATG-1","Ductal Cells"
"1019","TTACGCCAGTTTCTTC-1","Ductal Cells"
"1020","TTACTGTGTAGTCACT-1","Ductal Cells"
"1021","TTACTGTTCCATTCGC-1","Ductal Cells"
"1022","TTAGGCAAGTTTCGAC-1","Ductal Cells"
"1023","TTAGGCACATCGGTTA-1","Ductal Cells"
"1024","TTAGGCAGTCCAATCA-1","Ductal Cells"
"1025","TTAGTCTAGCGTTAGG-1","Ductal Cells"
"1026","TTAGTCTCATGCGTGC-1","Ductal Cells"
"1027","TTATTGCCAACTAGAA-1","Ductal Cells"
"1028","TTCACCGCAGACGGAT-1","Ductal Cells"
"1029","TTCACGCGTCTACGTA-1","Ductal Cells"
"1030","TTCACGCTCGTAGGAG-1","Ductal Cells"
"1031","TTCATGTAGCAACTTC-1","Ductal Cells"
"1032","TTCCACGCAAGTATAG-1","Ductal Cells"
"1033","TTCCACGTCATGCCAA-1","Ductal Cells"
"1034","TTCCGGTCACTTGACA-1","Ductal Cells"
"1035","TTCCGGTTCAGGGTAG-1","Ductal Cells"
"1036","TTCCGTGTCCGGACTG-1","Ductal Cells"
"1037","TTCCGTGTCTCAATCT-1","Ductal Cells"
"1038","TTCCTAAAGCCGATAG-1","Ductal Cells"
"1039","TTCCTCTGTTTCGACA-1","Ductal Cells"
"1040","TTCGATTAGTGGTTGG-1","Ductal Cells"
"1041","TTCGATTCAACTACGT-1","Ductal Cells"
"1042","TTCGCTGCACCTCTAC-1","Ductal Cells"
"1043","TTCGCTGGTGCACATT-1","Ductal Cells"
"1044","TTCGGTCCATAGATCC-1","Ductal Cells"
"1045","TTCTAACAGTTAACAG-1","Ductal Cells"
"1046","TTCTAACTCCAACTGA-1","Ductal Cells"
"1047","TTCTAGTCATAGTCAC-1","Ductal Cells"
"1048","TTCTAGTTCTCACGAA-1","Ductal Cells"
"1049","TTCTCTCTCGAGCACC-1","Ductal Cells"
"1050","TTCTTCCGTCACATTG-1","Ductal Cells"
"1051","TTCTTGAGTAACATGA-1","Ductal Cells"
"1052","TTCTTGAGTAGGAGGG-1","Ductal Cells"
"1053","TTGAACGCATAACAGA-1","Ductal Cells"
"1054","TTGAACGCATAGGCGA-1","Ductal Cells"
"1055","TTGAGTGTCACTTGGA-1","Ductal Cells"
"1056","TTGCTGCTCCGATAGT-1","Ductal Cells"
"1057","TTGGATGGTCGAACGA-1","Ductal Cells"
"1058","TTGGGATTCAAGCCCG-1","Ductal Cells"
"1059","TTGGGTATCTCGCGTT-1","Ductal Cells"
"1060","TTGGTTTAGAATTGTG-1","Ductal Cells"
"1061","TTGTGTTAGTCTAGAA-1","Ductal Cells"
"1062","TTTACCACAAGACGAC-1","Ductal Cells"
"1063","TTTACTGGTAGCTGCC-1","Ductal Cells"
"1064","TTTAGTCTCCAATGCA-1","Ductal Cells"
"1065","TTTATGCCACATGACT-1","Ductal Cells"
"1066","TTTCAGTAGATCACTC-1","Ductal Cells"
"1067","TTTCCTCCACGACGTC-1","Ductal Cells"
"1068","TTTCGATCATGTCGTA-1","Ductal Cells"
"1069","TTTGACTTCACACCGG-1","Ductal Cells"
"1070","TTTGACTTCAGCTGTA-1","Ductal Cells"
"1071","TTTGGTTAGCGATGAC-1","Ductal Cells"
"1072","TTTGGTTAGGGACAGG-1","Ductal Cells"
"1073","TTTGTTGTCCTCTTTC-1","Ductal Cells"
"1074","AAAGAACAGCACCGTC-1","CD4+ T Cells"
"1075","AAAGAACGTTATGTCG-1","CD4+ T Cells"
"1076","AAAGGTAGTAAGTTGA-1","CD4+ T Cells"
"1077","AACAACCTCTGAGATC-1","CD4+ T Cells"
"1078","AACCAACAGTATGGCG-1","CD4+ T Cells"
"1079","AACCACACAATTCTTC-1","CD4+ T Cells"
"1080","AAGAACACATCCTAAG-1","CD4+ T Cells"
"1081","AAGACAAAGAATTGTG-1","CD4+ T Cells"
"1082","AAGACTCAGATTAGTG-1","CD4+ T Cells"
"1083","AAGCCATCATTCACCC-1","CD4+ T Cells"
"1084","AAGCGAGAGTCGCTAT-1","CD4+ T Cells"
"1085","AAGTGAACATCTTAGG-1","CD4+ T Cells"
"1086","AATGACCGTGGAGGTT-1","CD4+ T Cells"
"1087","AATGCCACACCTGATA-1","CD4+ T Cells"
"1088","AATTCCTTCCTCGCAT-1","CD4+ T Cells"
"1089","AATTTCCCAATAGTCC-1","CD4+ T Cells"
"1090","AATTTCCTCTGAGGTT-1","CD4+ T Cells"
"1091","ACAAAGACAGAAGTTA-1","CD4+ T Cells"
"1092","ACAAGCTCAGTTACCA-1","CD4+ T Cells"
"1093","ACACGCGGTCCTCAGG-1","CD4+ T Cells"
"1094","ACAGAAATCGCTGATA-1","CD4+ T Cells"
"1095","ACAGCCGCACCTCGTT-1","CD4+ T Cells"
"1096","ACCCTTGGTCAACCAT-1","CD4+ T Cells"
"1097","ACCTGTCAGTGTGTTC-1","CD4+ T Cells"
"1098","ACCTGTCTCAACTGAC-1","CD4+ T Cells"
"1099","ACGATGTTCCATTTGT-1","CD4+ T Cells"
"1100","ACGTACAAGCTTCGTA-1","CD4+ T Cells"
"1101","ACGTACATCTCTTCAA-1","CD4+ T Cells"
"1102","ACGTAGTAGCATCTTG-1","CD4+ T Cells"
"1103","ACGTAGTCACAGCCAC-1","CD4+ T Cells"
"1104","ACTATCTTCAAGAGTA-1","CD4+ T Cells"
"1105","ACTATTCCATGATCTG-1","CD4+ T Cells"
"1106","ACTCCCAAGGCGAACT-1","CD4+ T Cells"
"1107","ACTTCGCCATCTTCGC-1","CD4+ T Cells"
"1108","AGAAGCGAGTCCTACA-1","CD4+ T Cells"
"1109","AGAAGTACAGAGAGGG-1","CD4+ T Cells"
"1110","AGACCATAGAAGGATG-1","CD4+ T Cells"
"1111","AGAGAGCCACCATAAC-1","CD4+ T Cells"
"1112","AGATCCAAGGGACTGT-1","CD4+ T Cells"
"1113","AGATGCTTCTGAGGTT-1","CD4+ T Cells"
"1114","AGCGCCATCCGCAACG-1","CD4+ T Cells"
"1115","AGCTACACACCGTGCA-1","CD4+ T Cells"
"1116","AGGAAATAGCTCCCTT-1","CD4+ T Cells"
"1117","AGGAAATTCTTCGTAT-1","CD4+ T Cells"
"1118","AGGAATATCGTTGCCT-1","CD4+ T Cells"
"1119","AGGACTTCAACTTGCA-1","CD4+ T Cells"
"1120","AGGAGGTTCGCTTAAG-1","CD4+ T Cells"
"1121","AGGAGGTTCTCGCCTA-1","CD4+ T Cells"
"1122","AGGATCTCACATTACG-1","CD4+ T Cells"
"1123","AGGCATTTCTACGCGG-1","CD4+ T Cells"
"1124","AGGGAGTTCCGTGTAA-1","CD4+ T Cells"
"1125","AGGGCTCCAAGTGCAG-1","CD4+ T Cells"
"1126","AGGTCTATCCCGAGGT-1","CD4+ T Cells"
"1127","AGGTGTTTCTCCTGCA-1","CD4+ T Cells"
"1128","AGTAGCTCATAACTCG-1","CD4+ T Cells"
"1129","AGTGACTAGTCAACAA-1","CD4+ T Cells"
"1130","ATACCGAGTCTGCATA-1","CD4+ T Cells"
"1131","ATAGAGATCAATCCGA-1","CD4+ T Cells"
"1132","ATAGAGATCGACCTAA-1","CD4+ T Cells"
"1133","ATCACAGGTCAAGCCC-1","CD4+ T Cells"
"1134","ATCACGAGTACTGGGA-1","CD4+ T Cells"
"1135","ATCATTCCATCAGTGT-1","CD4+ T Cells"
"1136","ATCTCTAGTGAATTAG-1","CD4+ T Cells"
"1137","ATGAGGGAGCGCGTTC-1","CD4+ T Cells"
"1138","ATGGAGGTCAAGCTGT-1","CD4+ T Cells"
"1139","ATGGATCTCCAAACCA-1","CD4+ T Cells"
"1140","ATGGGTTCAGGACATG-1","CD4+ T Cells"
"1141","ATTACTCCACAGCTTA-1","CD4+ T Cells"
"1142","ATTCACTCACCGCTAG-1","CD4+ T Cells"
"1143","ATTCACTGTCGAACGA-1","CD4+ T Cells"
"1144","ATTCAGGGTGCTGTCG-1","CD4+ T Cells"
"1145","ATTCCCGTCCTAAGTG-1","CD4+ T Cells"
"1146","ATTCCTAGTCAAGGCA-1","CD4+ T Cells"
"1147","ATTCGTTCACTGGACC-1","CD4+ T Cells"
"1148","ATTCTTGGTCGGTACC-1","CD4+ T Cells"
"1149","ATTTCACGTGACAGGT-1","CD4+ T Cells"
"1150","CAACAGTAGAACAAGG-1","CD4+ T Cells"
"1151","CAACCAAGTCTTGAGT-1","CD4+ T Cells"
"1152","CAAGCTATCCGAGTGC-1","CD4+ T Cells"
"1153","CAATGACTCGCTCATC-1","CD4+ T Cells"
"1154","CAATTTCTCTCAATCT-1","CD4+ T Cells"
"1155","CACAACAAGTTAGAAC-1","CD4+ T Cells"
"1156","CACATGAGTTACCGTA-1","CD4+ T Cells"
"1157","CACGAATAGAAGAACG-1","CD4+ T Cells"
"1158","CACGGGTGTATACCTG-1","CD4+ T Cells"
"1159","CACTGGGGTACAAACA-1","CD4+ T Cells"
"1160","CACTGTCCAAGATCCT-1","CD4+ T Cells"
"1161","CACTGTCGTACTGGGA-1","CD4+ T Cells"
"1162","CAGATCACAAGATGGC-1","CD4+ T Cells"
"1163","CAGATTGCACTAGGTT-1","CD4+ T Cells"
"1164","CATACAGGTTACCTGA-1","CD4+ T Cells"
"1165","CATACCCTCGCACTCT-1","CD4+ T Cells"
"1166","CATCCCATCATCAGTG-1","CD4+ T Cells"
"1167","CATCCGTCAGCTATTG-1","CD4+ T Cells"
"1168","CATCCGTCATCCAATG-1","CD4+ T Cells"
"1169","CATCGCTCATCCTAAG-1","CD4+ T Cells"
"1170","CATCGTCCAATTAGGA-1","CD4+ T Cells"
"1171","CATGCCTAGGAGTACC-1","CD4+ T Cells"
"1172","CATGCTCTCCCTCAAC-1","CD4+ T Cells"
"1173","CATGGTAGTTAGCGGA-1","CD4+ T Cells"
"1174","CATTCCGGTGTCGATT-1","CD4+ T Cells"
"1175","CATTCTATCCGTGTGG-1","CD4+ T Cells"
"1176","CATTGCCGTACCGCGT-1","CD4+ T Cells"
"1177","CATTTCAAGATGAAGG-1","CD4+ T Cells"
"1178","CCAAGCGAGATCACTC-1","CD4+ T Cells"
"1179","CCAAGCGCACGAGGAT-1","CD4+ T Cells"
"1180","CCACCATAGGTTGGAC-1","CD4+ T Cells"
"1181","CCACCATTCGTCACCT-1","CD4+ T Cells"
"1182","CCCAACTGTATTTCGG-1","CD4+ T Cells"
"1183","CCCGAAGCAATAAGGT-1","CD4+ T Cells"
"1184","CCCGGAAGTTAGCTAC-1","CD4+ T Cells"
"1185","CCCTAACGTCTCGCGA-1","CD4+ T Cells"
"1186","CCCTCAACACGTACTA-1","CD4+ T Cells"
"1187","CCCTCAATCGCTTGAA-1","CD4+ T Cells"
"1188","CCCTGATAGTAAGAGG-1","CD4+ T Cells"
"1189","CCCTGATCATTCGATG-1","CD4+ T Cells"
"1190","CCCTTAGGTCGAGCAA-1","CD4+ T Cells"
"1191","CCGATGGCATAGCACT-1","CD4+ T Cells"
"1192","CCGGTGAGTCGCGTCA-1","CD4+ T Cells"
"1193","CCTAAGAAGACCGCCT-1","CD4+ T Cells"
"1194","CCTCAACAGAGTCAGC-1","CD4+ T Cells"
"1195","CCTCACAAGGACAACC-1","CD4+ T Cells"
"1196","CCTCATGCAAGAGTAT-1","CD4+ T Cells"
"1197","CCTCATGTCTCGAACA-1","CD4+ T Cells"
"1198","CCTCCAACAAGAGGTC-1","CD4+ T Cells"
"1199","CCTGCATAGTCACTCA-1","CD4+ T Cells"
"1200","CGAAGGATCGTCGATA-1","CD4+ T Cells"
"1201","CGATGCGGTCACGCTG-1","CD4+ T Cells"
"1202","CGCAGGTGTACCGTCG-1","CD4+ T Cells"
"1203","CGCATGGAGAGTCTGG-1","CD4+ T Cells"
"1204","CGCCATTGTCAGTCCG-1","CD4+ T Cells"
"1205","CGCGTGAGTAGATCCT-1","CD4+ T Cells"
"1206","CGGAATTTCGACGACC-1","CD4+ T Cells"
"1207","CGGGTCAAGACCAAAT-1","CD4+ T Cells"
"1208","CGGTCAGAGGTCATTC-1","CD4+ T Cells"
"1209","CGTCAAATCTAAGCGT-1","CD4+ T Cells"
"1210","CGTGTCTGTCTGTGCG-1","CD4+ T Cells"
"1211","CGTTGGGCAATCTCGA-1","CD4+ T Cells"
"1212","CTAACCCAGTCGAGGT-1","CD4+ T Cells"
"1213","CTAACCCTCCCACAGG-1","CD4+ T Cells"
"1214","CTACATTGTGTGCTTA-1","CD4+ T Cells"
"1215","CTACCTGAGCTAGAAT-1","CD4+ T Cells"
"1216","CTAGACAAGTGAACAT-1","CD4+ T Cells"
"1217","CTCAACCCATGCAGGA-1","CD4+ T Cells"
"1218","CTCAACCTCCATTTCA-1","CD4+ T Cells"
"1219","CTCAAGAAGAGGGTCT-1","CD4+ T Cells"
"1220","CTCACTGCACCTGAAT-1","CD4+ T Cells"
"1221","CTCATCGCATGGGATG-1","CD4+ T Cells"
"1222","CTCCAACAGAGAACCC-1","CD4+ T Cells"
"1223","CTCCACAGTTACCCAA-1","CD4+ T Cells"
"1224","CTCCCAAAGCCATTGT-1","CD4+ T Cells"
"1225","CTCCCTCGTCATCAGT-1","CD4+ T Cells"
"1226","CTCCGATAGCCAACCC-1","CD4+ T Cells"
"1227","CTCCTTTAGAGAGGGC-1","CD4+ T Cells"
"1228","CTCGAGGTCGGAATGG-1","CD4+ T Cells"
"1229","CTCTCAGTCGCCAGAC-1","CD4+ T Cells"
"1230","CTCTGGTTCGTCCTTG-1","CD4+ T Cells"
"1231","CTGAATGCATCGGCCA-1","CD4+ T Cells"
"1232","CTGATCCAGTGAGCCA-1","CD4+ T Cells"
"1233","CTGCATCTCACACGAT-1","CD4+ T Cells"
"1234","CTGCCTAGTCACTCAA-1","CD4+ T Cells"
"1235","CTGGCAGCAAGGTCTT-1","CD4+ T Cells"
"1236","CTGTACCCAATGCTCA-1","CD4+ T Cells"
"1237","CTGTCGTCACCAGGTC-1","CD4+ T Cells"
"1238","CTTAGGAAGTAGGATT-1","CD4+ T Cells"
"1239","CTTCCGAGTACCCACG-1","CD4+ T Cells"
"1240","CTTCCTTGTTTGGGAG-1","CD4+ T Cells"
"1241","CTTCTAAGTCGTAATC-1","CD4+ T Cells"
"1242","GAAATGAGTACAGAAT-1","CD4+ T Cells"
"1243","GAAATGATCAGACATC-1","CD4+ T Cells"
"1244","GAACACTAGCCTGCCA-1","CD4+ T Cells"
"1245","GAACACTTCGATTCCC-1","CD4+ T Cells"
"1246","GAAGGACTCGAGTTGT-1","CD4+ T Cells"
"1247","GAATAGAGTCTAGGTT-1","CD4+ T Cells"
"1248","GAATCACAGGAGAGTA-1","CD4+ T Cells"
"1249","GAATCACTCGGCTGAC-1","CD4+ T Cells"
"1250","GAATCACTCTAGGCCG-1","CD4+ T Cells"
"1251","GACAGCCCATGGTGGA-1","CD4+ T Cells"
"1252","GACCCTTAGCATTGTC-1","CD4+ T Cells"
"1253","GACGCTGCATACCAGT-1","CD4+ T Cells"
"1254","GACGTTAAGGTAAGGA-1","CD4+ T Cells"
"1255","GACTATGAGAAGCTCG-1","CD4+ T Cells"
"1256","GACTCAAAGACAGCTG-1","CD4+ T Cells"
"1257","GAGAAATCATAAGCAA-1","CD4+ T Cells"
"1258","GAGAAATGTATTTCCT-1","CD4+ T Cells"
"1259","GAGACTTAGTAGTCAA-1","CD4+ T Cells"
"1260","GAGCCTGTCTGGACCG-1","CD4+ T Cells"
"1261","GAGGGTATCGTTCATT-1","CD4+ T Cells"
"1262","GAGTCTACAAATGCGG-1","CD4+ T Cells"
"1263","GAGTGAGAGTGCACAG-1","CD4+ T Cells"
"1264","GAGTGTTAGAGAACCC-1","CD4+ T Cells"
"1265","GATCACACAGTCGTTA-1","CD4+ T Cells"
"1266","GATCACAGTCAACCTA-1","CD4+ T Cells"
"1267","GATCACAGTTTGAACC-1","CD4+ T Cells"
"1268","GATCAGTTCGCTTACC-1","CD4+ T Cells"
"1269","GATCATGAGGTATCTC-1","CD4+ T Cells"
"1270","GATGATCTCCTCTTTC-1","CD4+ T Cells"
"1271","GATGTTGTCGTAGGGA-1","CD4+ T Cells"
"1272","GCAACCGAGGCGCTCT-1","CD4+ T Cells"
"1273","GCAACCGCATGAGATA-1","CD4+ T Cells"
"1274","GCACATATCGTACCTC-1","CD4+ T Cells"
"1275","GCACATATCTTCGGTC-1","CD4+ T Cells"
"1276","GCAGCTGAGCCTTTGA-1","CD4+ T Cells"
"1277","GCAGGCTCACCATATG-1","CD4+ T Cells"
"1278","GCAGTTACAGAGGCAT-1","CD4+ T Cells"
"1279","GCATTAGGTACCTAAC-1","CD4+ T Cells"
"1280","GCATTAGTCCTGGGAC-1","CD4+ T Cells"
"1281","GCCAACGCATACCGTA-1","CD4+ T Cells"
"1282","GCCAGGTTCGCTGCGA-1","CD4+ T Cells"
"1283","GCCAGTGCACCCTTGT-1","CD4+ T Cells"
"1284","GCCATGGCAACCGCTG-1","CD4+ T Cells"
"1285","GCCATTCCAATGTGGG-1","CD4+ T Cells"
"1286","GCCCGAACATCAGCAT-1","CD4+ T Cells"
"1287","GCCGATGAGCCTGAAG-1","CD4+ T Cells"
"1288","GCCGATGGTGGCACTC-1","CD4+ T Cells"
"1289","GCCTGTTTCGTACACA-1","CD4+ T Cells"
"1290","GCGGATCCACTGAGGA-1","CD4+ T Cells"
"1291","GCGGATCTCTTCTAAC-1","CD4+ T Cells"
"1292","GCGTGCACACCATTCC-1","CD4+ T Cells"
"1293","GCGTTTCCATGGGAAC-1","CD4+ T Cells"
"1294","GCTGAATGTGAGTTTC-1","CD4+ T Cells"
"1295","GCTTGGGAGAACTTCC-1","CD4+ T Cells"
"1296","GCTTGGGTCCGCAGTG-1","CD4+ T Cells"
"1297","GGACGTCAGTATAGAC-1","CD4+ T Cells"
"1298","GGAGATGTCTGTGTGA-1","CD4+ T Cells"
"1299","GGATCTACATCCTTCG-1","CD4+ T Cells"
"1300","GGCTGTGAGCCGGAAT-1","CD4+ T Cells"
"1301","GGGACTCCATCGCTCT-1","CD4+ T Cells"
"1302","GGGTAGAAGACGAGCT-1","CD4+ T Cells"
"1303","GGGTAGAAGCGAATGC-1","CD4+ T Cells"
"1304","GGGTCACTCCTGGGAC-1","CD4+ T Cells"
"1305","GGTAATCTCATCGACA-1","CD4+ T Cells"
"1306","GGTGAAGCACGCGTGT-1","CD4+ T Cells"
"1307","GGTGGCTAGAGTGAAG-1","CD4+ T Cells"
"1308","GGTGTCGTCGAACCAT-1","CD4+ T Cells"
"1309","GGTGTTAAGTTGCTCA-1","CD4+ T Cells"
"1310","GGTTGTACATTGGATC-1","CD4+ T Cells"
"1311","GTAACACCATGAATAG-1","CD4+ T Cells"
"1312","GTAATGCCAGAGTGAC-1","CD4+ T Cells"
"1313","GTAGAAAGTGGTCTGC-1","CD4+ T Cells"
"1314","GTAGCTAGTGGAATGC-1","CD4+ T Cells"
"1315","GTAGGTTGTTAGAGTA-1","CD4+ T Cells"
"1316","GTATTGGCATTGTAGC-1","CD4+ T Cells"
"1317","GTCGCGAAGAGAGGGC-1","CD4+ T Cells"
"1318","GTCGCGACACAATGCT-1","CD4+ T Cells"
"1319","GTCGTTCCATGTGGCC-1","CD4+ T Cells"
"1320","GTCTAGACAAAGGGCT-1","CD4+ T Cells"
"1321","GTGAGTTAGAGGCCAT-1","CD4+ T Cells"
"1322","GTGAGTTAGGTGAGAA-1","CD4+ T Cells"
"1323","GTGCAGCCACGGGTAA-1","CD4+ T Cells"
"1324","GTGCTGGTCACTGTTT-1","CD4+ T Cells"
"1325","GTGTCCTGTCAAAGAT-1","CD4+ T Cells"
"1326","GTGTGATGTAATACCC-1","CD4+ T Cells"
"1327","GTGTTAGTCGTCGACG-1","CD4+ T Cells"
"1328","GTTACCCAGATGTTCC-1","CD4+ T Cells"
"1329","GTTACCCTCCCATACC-1","CD4+ T Cells"
"1330","GTTCCGTCAACCACGC-1","CD4+ T Cells"
"1331","GTTCCGTCAGCTGGTC-1","CD4+ T Cells"
"1332","GTTCGCTGTCATCCCT-1","CD4+ T Cells"
"1333","GTTCTATAGCCGATTT-1","CD4+ T Cells"
"1334","GTTGCTCGTACGAGTG-1","CD4+ T Cells"
"1335","GTTGCTCTCACTGTTT-1","CD4+ T Cells"
"1336","GTTGTAGCATCATCCC-1","CD4+ T Cells"
"1337","GTTTACTTCAAGTCTG-1","CD4+ T Cells"
"1338","GTTTGGAGTATGAGAT-1","CD4+ T Cells"
"1339","TAACCAGCACGGCACT-1","CD4+ T Cells"
"1340","TAATCTCCATCGAAGG-1","CD4+ T Cells"
"1341","TACCGGGAGGCGAAGG-1","CD4+ T Cells"
"1342","TACCGGGGTAAGACCG-1","CD4+ T Cells"
"1343","TACGCTCGTTCGATTG-1","CD4+ T Cells"
"1344","TACGGGCCATTGACCA-1","CD4+ T Cells"
"1345","TACTGCCTCTTGGTGA-1","CD4+ T Cells"
"1346","TACTTCATCCGAGATT-1","CD4+ T Cells"
"1347","TACTTGTGTGCAGTGA-1","CD4+ T Cells"
"1348","TAGCACAGTGCATCTA-1","CD4+ T Cells"
"1349","TAGGTACCAGGTGAGT-1","CD4+ T Cells"
"1350","TATACCTCACTACGGC-1","CD4+ T Cells"
"1351","TATACCTCATCCGTGG-1","CD4+ T Cells"
"1352","TATACCTTCGAGTTGT-1","CD4+ T Cells"
"1353","TATCAGGTCTCCCAAC-1","CD4+ T Cells"
"1354","TCAAGTGAGGATTCCT-1","CD4+ T Cells"
"1355","TCAAGTGAGTTGTCAC-1","CD4+ T Cells"
"1356","TCAGTCCGTGGCAGAT-1","CD4+ T Cells"
"1357","TCATACTTCGGTAAGG-1","CD4+ T Cells"
"1358","TCATATCAGGCTCACC-1","CD4+ T Cells"
"1359","TCATATCTCGGAATTC-1","CD4+ T Cells"
"1360","TCATCATGTCCCACGA-1","CD4+ T Cells"
"1361","TCATGTTGTAGAAACT-1","CD4+ T Cells"
"1362","TCATTACTCTGACGCG-1","CD4+ T Cells"
"1363","TCCACGTTCAATCCGA-1","CD4+ T Cells"
"1364","TCCATCGAGCGCAATG-1","CD4+ T Cells"
"1365","TCCCACATCATTTACC-1","CD4+ T Cells"
"1366","TCCGGGAAGGAGGTTC-1","CD4+ T Cells"
"1367","TCCTAATTCACGACTA-1","CD4+ T Cells"
"1368","TCCTCTTCATTATGCG-1","CD4+ T Cells"
"1369","TCGAACAAGGCCCAAA-1","CD4+ T Cells"
"1370","TCGACGGTCCCGTTGT-1","CD4+ T Cells"
"1371","TCGATTTAGTCTACCA-1","CD4+ T Cells"
"1372","TCGCTTGCACTTCATT-1","CD4+ T Cells"
"1373","TCGGATAGTAGTCGTT-1","CD4+ T Cells"
"1374","TCGGTCTCATGCCGCA-1","CD4+ T Cells"
"1375","TCGGTCTTCAAGGCTT-1","CD4+ T Cells"
"1376","TCGTAGACATACTTTC-1","CD4+ T Cells"
"1377","TCGTGCTGTAGTTAGA-1","CD4+ T Cells"
"1378","TCGTGCTTCAGAGCAG-1","CD4+ T Cells"
"1379","TCTCCGACAGCAGGAT-1","CD4+ T Cells"
"1380","TCTGTCGTCAGCCTTC-1","CD4+ T Cells"
"1381","TCTGTCGTCTAAGAAG-1","CD4+ T Cells"
"1382","TCTTAGTTCATTGCCC-1","CD4+ T Cells"
"1383","TCTTCCTTCACGAACT-1","CD4+ T Cells"
"1384","TCTTGCGGTAGAGATT-1","CD4+ T Cells"
"1385","TGACAGTAGTAATCCC-1","CD4+ T Cells"
"1386","TGACAGTGTCTGTAAC-1","CD4+ T Cells"
"1387","TGACCCTAGAGGTTAT-1","CD4+ T Cells"
"1388","TGAGGAGAGTTGGCTT-1","CD4+ T Cells"
"1389","TGAGGGAGTTGTGGAG-1","CD4+ T Cells"
"1390","TGATCTTAGGGCTAAC-1","CD4+ T Cells"
"1391","TGATCTTTCTATGTGG-1","CD4+ T Cells"
"1392","TGCACGGCAGAATGTA-1","CD4+ T Cells"
"1393","TGCACGGTCCTAAGTG-1","CD4+ T Cells"
"1394","TGGAACTGTAGATTAG-1","CD4+ T Cells"
"1395","TGGATGTCACTTTATC-1","CD4+ T Cells"
"1396","TGGGAAGTCAGGGTAG-1","CD4+ T Cells"
"1397","TGGGATTGTCTACAAC-1","CD4+ T Cells"
"1398","TGGGCGTTCGTCCTTG-1","CD4+ T Cells"
"1399","TGGTGATTCCGTTGGG-1","CD4+ T Cells"
"1400","TGGTTAGGTCTCTCCA-1","CD4+ T Cells"
"1401","TGTAACGTCGACGACC-1","CD4+ T Cells"
"1402","TGTAAGCCACCAACAT-1","CD4+ T Cells"
"1403","TGTACAGAGTGAGTTA-1","CD4+ T Cells"
"1404","TGTAGACGTATCGTGT-1","CD4+ T Cells"
"1405","TGTAGACTCTGGTGCG-1","CD4+ T Cells"
"1406","TGTCCCAAGATCACCT-1","CD4+ T Cells"
"1407","TGTCCCATCTCTATAC-1","CD4+ T Cells"
"1408","TGTGATGTCCTTCTAA-1","CD4+ T Cells"
"1409","TGTGATGTCGATAACC-1","CD4+ T Cells"
"1410","TGTGTGAAGGCCCACT-1","CD4+ T Cells"
"1411","TGTTACTTCGTGCAGC-1","CD4+ T Cells"
"1412","TGTTCCGTCGATACTG-1","CD4+ T Cells"
"1413","TGTTGAGTCCGTGGTG-1","CD4+ T Cells"
"1414","TGTTTGTGTCTACGAT-1","CD4+ T Cells"
"1415","TTACAGGGTGCATTAC-1","CD4+ T Cells"
"1416","TTACGTTCACGTCATA-1","CD4+ T Cells"
"1417","TTCCGTGAGTGGTTAA-1","CD4+ T Cells"
"1418","TTCGATTCATTGACCA-1","CD4+ T Cells"
"1419","TTCGGTCAGAATCGCG-1","CD4+ T Cells"
"1420","TTCTAACAGGACGGAG-1","CD4+ T Cells"
"1421","TTCTAACGTCGCAGTC-1","CD4+ T Cells"
"1422","TTCTGTAGTCGCAACC-1","CD4+ T Cells"
"1423","TTCTTGAAGCCTTGAT-1","CD4+ T Cells"
"1424","TTCTTGAGTTCCGGTG-1","CD4+ T Cells"
"1425","TTGAACGTCTACGCAA-1","CD4+ T Cells"
"1426","TTGACCCCATATCTGG-1","CD4+ T Cells"
"1427","TTGAGTGCAAAGACTA-1","CD4+ T Cells"
"1428","TTGGGCGGTGATAGAT-1","CD4+ T Cells"
"1429","TTGTGGAAGGGTCTTT-1","CD4+ T Cells"
"1430","TTGTTCATCCCGTAAA-1","CD4+ T Cells"
"1431","TTGTTTGAGGCGTTGA-1","CD4+ T Cells"
"1432","TTTACCAGTCACAGAG-1","CD4+ T Cells"
"1433","TTTACGTAGCTTAAGA-1","CD4+ T Cells"
"1434","TTTAGTCGTAGCTTAC-1","CD4+ T Cells"
"1435","TTTCATGGTCAAGCGA-1","CD4+ T Cells"
"1436","TTTCGATCACTTGTGA-1","CD4+ T Cells"
"1437","TTTGATCCAAGCCCAC-1","CD4+ T Cells"
"1438","AAACGAATCTTCACGC-1","Macrophages"
"1439","AAAGAACAGTCAATCC-1","Macrophages"
"1440","AACAACCGTCGGTAAG-1","Macrophages"
"1441","AACAAGAGTGACGCCT-1","Macrophages"
"1442","AACACACAGAAGCGGG-1","Macrophages"
"1443","AAGCCATGTTGCACGC-1","Macrophages"
"1444","AATAGAGGTTCAACGT-1","Macrophages"
"1445","AATGACCTCAGAACCT-1","Macrophages"
"1446","AATGGAAGTCGGCACT-1","Macrophages"
"1447","ACGGTTACACGTCATA-1","Macrophages"
"1448","ACTATTCCAGAATCGG-1","Macrophages"
"1449","ACTGTCCGTGTGTCGC-1","Macrophages"
"1450","AGAAGCGAGTGCGCTC-1","Macrophages"
"1451","AGAGAGCCAGCAGTAG-1","Macrophages"
"1452","AGCATCAGTCTTTATC-1","Macrophages"
"1453","AGCCAGCCAGTCTACA-1","Macrophages"
"1454","AGGACGAAGACATACA-1","Macrophages"
"1455","AGGGCTCCACCTGCGA-1","Macrophages"
"1456","AGGGTCCGTTGTGGAG-1","Macrophages"
"1457","AGTCAACAGTAGTCCT-1","Macrophages"
"1458","AGTGCCGCACTCTAGA-1","Macrophages"
"1459","AGTTCCCAGGTGTGAC-1","Macrophages"
"1460","AGTTCGATCCCGTTGT-1","Macrophages"
"1461","ATCCCTGGTGGATACG-1","Macrophages"
"1462","ATCGGATTCGTAACAC-1","Macrophages"
"1463","ATGGGTTGTTGGAGGT-1","Macrophages"
"1464","ATGGTTGGTTGAGAGC-1","Macrophages"
"1465","ATTACTCGTTGCCGAC-1","Macrophages"
"1466","ATTCGTTGTCTTCGAA-1","Macrophages"
"1467","CAATGACGTCACGACC-1","Macrophages"
"1468","CACAACATCAGTGTGT-1","Macrophages"
"1469","CACAGATGTCATTGCA-1","Macrophages"
"1470","CAGATACTCGTTAGTG-1","Macrophages"
"1471","CATTCTAGTCTCAAGT-1","Macrophages"
"1472","CATTGCCGTTGTATGC-1","Macrophages"
"1473","CCACGTTCAAACTGCT-1","Macrophages"
"1474","CCACTTGTCGCTTAAG-1","Macrophages"
"1475","CCATAAGCACGGAAGT-1","Macrophages"
"1476","CCCTCAACAGCCTTCT-1","Macrophages"
"1477","CCGGGTACAGTTCCAA-1","Macrophages"
"1478","CCGGTAGCAGGTAGTG-1","Macrophages"
"1479","CCGTGAGGTCCGACGT-1","Macrophages"
"1480","CCTAACCGTTCTTAGG-1","Macrophages"
"1481","CCTCCTCGTCCGGTGT-1","Macrophages"
"1482","CCTCTCCCAGAATTCC-1","Macrophages"
"1483","CCTGCATCAGTAGAGC-1","Macrophages"
"1484","CCTTTGGAGGGCTAAC-1","Macrophages"
"1485","CGAAGGACACGAAAGC-1","Macrophages"
"1486","CGAATTGCACGGTGTC-1","Macrophages"
"1487","CGAATTGCAGCATCTA-1","Macrophages"
"1488","CGGAATTCAGCAGACA-1","Macrophages"
"1489","CGGACACGTGCAATAA-1","Macrophages"
"1490","CGGAGAACAGACAAGC-1","Macrophages"
"1491","CGGTCAGTCCACTAGA-1","Macrophages"
"1492","CGTCAAACACCAACAT-1","Macrophages"
"1493","CTATAGGCACTACGGC-1","Macrophages"
"1494","CTCATGCAGAATACAC-1","Macrophages"
"1495","CTGTCGTCACGACGCT-1","Macrophages"
"1496","CTTCCGAGTCTCTCCA-1","Macrophages"
"1497","CTTCTCTTCTTTCCGG-1","Macrophages"
"1498","GAAGCGAGTAGCGCCT-1","Macrophages"
"1499","GAAGGGTGTTCTCCCA-1","Macrophages"
"1500","GAAGGGTTCAAGGCTT-1","Macrophages"
"1501","GAAGTAAGTCAACACT-1","Macrophages"
"1502","GACCCTTAGACAGCTG-1","Macrophages"
"1503","GACCGTGCACCAGACC-1","Macrophages"
"1504","GACTTCCGTTATGTCG-1","Macrophages"
"1505","GAGAAATGTTGCAACT-1","Macrophages"
"1506","GAGGCAAGTTGATCGT-1","Macrophages"
"1507","GAGGGTACAACTGCCG-1","Macrophages"
"1508","GCACGTGGTTAAGGAT-1","Macrophages"
"1509","GCATTAGTCACTGGTA-1","Macrophages"
"1510","GCCCGAATCTGAGATC-1","Macrophages"
"1511","GCTGCAGTCTAGCATG-1","Macrophages"
"1512","GCTGGGTGTGTTTCTT-1","Macrophages"
"1513","GCTTCACAGTTTCTTC-1","Macrophages"
"1514","GGAACCCAGGAGAATG-1","Macrophages"
"1515","GGCTGTGGTGATTCAC-1","Macrophages"
"1516","GGGATGACAGTATTCG-1","Macrophages"
"1517","GGGATGACATCAGTCA-1","Macrophages"
"1518","GGGCTCAAGGAGTATT-1","Macrophages"
"1519","GGGCTCACATCTAACG-1","Macrophages"
"1520","GGTGATTAGGTATTGA-1","Macrophages"
"1521","GTAACCACACTACGGC-1","Macrophages"
"1522","GTAGTACGTGAGCGAT-1","Macrophages"
"1523","GTCACGGCAGTGTGCC-1","Macrophages"
"1524","GTCTGTCGTCCCTGTT-1","Macrophages"
"1525","GTGTAACCAGGGACTA-1","Macrophages"
"1526","GTGTGGCCAACATACC-1","Macrophages"
"1527","GTGTTCCAGGATGGCT-1","Macrophages"
"1528","GTTCATTGTACATACC-1","Macrophages"
"1529","GTTGAACGTGCCTTCT-1","Macrophages"
"1530","GTTGCTCTCAAAGGAT-1","Macrophages"
"1531","GTTGTCCAGAACAGGA-1","Macrophages"
"1532","GTTGTGACATGGCTGC-1","Macrophages"
"1533","TAACCAGAGCATTTGC-1","Macrophages"
"1534","TAAGCGTTCATCACAG-1","Macrophages"
"1535","TAATCTCGTCAGACGA-1","Macrophages"
"1536","TACAGGTTCATGGAGG-1","Macrophages"
"1537","TCACTATAGTATTCCG-1","Macrophages"
"1538","TCATTGTGTAGCTGTT-1","Macrophages"
"1539","TCGGGACAGTCTGTAC-1","Macrophages"
"1540","TCTATACCAAGACCGA-1","Macrophages"
"1541","TCTCACGAGTAGCAAT-1","Macrophages"
"1542","TCTCACGTCAACCGAT-1","Macrophages"
"1543","TCTTTGAAGTCCCGAC-1","Macrophages"
"1544","TCTTTGAGTGTATTCG-1","Macrophages"
"1545","TGACAGTCAGCTTCCT-1","Macrophages"
"1546","TGAGCGCTCAGACCGC-1","Macrophages"
"1547","TGCGACGTCTCGACCT-1","Macrophages"
"1548","TGCGATAGTGGAAATT-1","Macrophages"
"1549","TGCGGCATCCGTGGCA-1","Macrophages"
"1550","TGCTGAACACTGGACC-1","Macrophages"
"1551","TGGGAAGCAATACGCT-1","Macrophages"
"1552","TGTAACGTCCCGATCT-1","Macrophages"
"1553","TGTAGACCAAAGCTAA-1","Macrophages"
"1554","TGTCCCACACCAAATC-1","Macrophages"
"1555","TGTCCCATCCACCTGT-1","Macrophages"
"1556","TTCCACGCACAACGCC-1","Macrophages"
"1557","TTCCTCTGTGTCTAAC-1","Macrophages"
"1558","TTCGATTAGAATAGTC-1","Macrophages"
"1559","TTCTGTACAACGCATT-1","Macrophages"
"1560","TTGTGGACATTAAGCC-1","Macrophages"
"1561","TTGTGTTGTATCGTAC-1","Macrophages"
"1562","TTTACGTAGCGCAATG-1","Macrophages"
"1563","TTTACTGAGTTTGCTG-1","Macrophages"
"1564","TTTGGTTAGCTAATCC-1","Macrophages"
"1565","AAAGGGCAGCTAAATG-1","CD8+ T Cells"
"1566","AACAAAGAGGATGTTA-1","CD8+ T Cells"
"1567","AACCCAAAGGGTAATT-1","CD8+ T Cells"
"1568","AACCTTTCAATCCTTT-1","CD8+ T Cells"
"1569","AACGAAAAGGGTTAAT-1","CD8+ T Cells"
"1570","AACTTCTAGCTCTGTA-1","CD8+ T Cells"
"1571","AAGCATCAGCTGAGTG-1","CD8+ T Cells"
"1572","AAGCCATAGTTGAAAC-1","CD8+ T Cells"
"1573","AAGGAATCAGCTGTTA-1","CD8+ T Cells"
"1574","AAGGTAACAGCGCGTT-1","CD8+ T Cells"
"1575","AAGTGAACAGTTTGGT-1","CD8+ T Cells"
"1576","AATCGACGTCCCAAAT-1","CD8+ T Cells"
"1577","AATGAAGTCCGACAGC-1","CD8+ T Cells"
"1578","AATGGCTTCAAGTTGC-1","CD8+ T Cells"
"1579","AATTCCTGTTACGTAC-1","CD8+ T Cells"
"1580","ACAACCATCCAAACCA-1","CD8+ T Cells"
"1581","ACAAGCTAGCTAAGTA-1","CD8+ T Cells"
"1582","ACAAGCTAGGCGTTGA-1","CD8+ T Cells"
"1583","ACAGCCGGTAGGAGTC-1","CD8+ T Cells"
"1584","ACAGGGAAGGTAAGAG-1","CD8+ T Cells"
"1585","ACATCGAAGATGTTCC-1","CD8+ T Cells"
"1586","ACATCGACACACGCCA-1","CD8+ T Cells"
"1587","ACCATTTCAAACCGGA-1","CD8+ T Cells"
"1588","ACCCTTGGTGTTACTG-1","CD8+ T Cells"
"1589","ACCTACCAGCATCCCG-1","CD8+ T Cells"
"1590","ACCTGAACATTCACAG-1","CD8+ T Cells"
"1591","ACGGTCGTCCATTTCA-1","CD8+ T Cells"
"1592","ACGTCCTGTTGGGTTT-1","CD8+ T Cells"
"1593","ACTCCCAAGATGCTAA-1","CD8+ T Cells"
"1594","ACTGCAACAAATCAAG-1","CD8+ T Cells"
"1595","ACTGTGAAGAAGGGAT-1","CD8+ T Cells"
"1596","ACTTATCCAGCTGGTC-1","CD8+ T Cells"
"1597","ACTTCGCAGGCACTCC-1","CD8+ T Cells"
"1598","AGAAATGCACAGAGCA-1","CD8+ T Cells"
"1599","AGAACCTCAATAGTAG-1","CD8+ T Cells"
"1600","AGAAGTATCACCCTTG-1","CD8+ T Cells"
"1601","AGACCATTCTAGACCA-1","CD8+ T Cells"
"1602","AGAGAATTCCGTGACG-1","CD8+ T Cells"
"1603","AGATAGACAAACTGCT-1","CD8+ T Cells"
"1604","AGCGCCATCGCTACAA-1","CD8+ T Cells"
"1605","AGCGCCATCGGAAGGT-1","CD8+ T Cells"
"1606","AGCGTATGTATGTCTG-1","CD8+ T Cells"
"1607","AGCGTCGGTCACTCAA-1","CD8+ T Cells"
"1608","AGCTACAGTGGTTTGT-1","CD8+ T Cells"
"1609","AGGATAACATTCTCTA-1","CD8+ T Cells"
"1610","AGGCCACTCACGTCCT-1","CD8+ T Cells"
"1611","AGGGCCTTCAGGAGAC-1","CD8+ T Cells"
"1612","AGTACCAAGCGCACAA-1","CD8+ T Cells"
"1613","AGTACTGAGGTCATCT-1","CD8+ T Cells"
"1614","AGTCACATCTGTGCTC-1","CD8+ T Cells"
"1615","AGTTCCCAGACCATGG-1","CD8+ T Cells"
"1616","ATACCGACAACATACC-1","CD8+ T Cells"
"1617","ATCACGAGTATGCGTT-1","CD8+ T Cells"
"1618","ATCAGGTGTCACTCTC-1","CD8+ T Cells"
"1619","ATCCGTCTCAACGCTA-1","CD8+ T Cells"
"1620","ATCGTAGGTTAAGGAT-1","CD8+ T Cells"
"1621","ATGAGTCTCCATAAGC-1","CD8+ T Cells"
"1622","ATGCGATGTAGCTGCC-1","CD8+ T Cells"
"1623","ATGGTTGCATCCAACA-1","CD8+ T Cells"
"1624","ATTACTCAGCTGCGAA-1","CD8+ T Cells"
"1625","ATTCTTGTCGCTGACG-1","CD8+ T Cells"
"1626","CAACGGCGTAGGAGTC-1","CD8+ T Cells"
"1627","CAAGACTTCTGTGTGA-1","CD8+ T Cells"
"1628","CACAACAAGGTGGGTT-1","CD8+ T Cells"
"1629","CACAGATAGGCATGCA-1","CD8+ T Cells"
"1630","CACTGGGGTTCTCCTG-1","CD8+ T Cells"
"1631","CAGATCAGTCGTTTCC-1","CD8+ T Cells"
"1632","CAGATTGAGCAAATCA-1","CD8+ T Cells"
"1633","CAGCACGTCCGATGTA-1","CD8+ T Cells"
"1634","CAGGCCAGTACCTATG-1","CD8+ T Cells"
"1635","CAGGGCTTCGTCTCAC-1","CD8+ T Cells"
"1636","CAGGTATTCTTGAACG-1","CD8+ T Cells"
"1637","CAGTTCCAGTTTGGCT-1","CD8+ T Cells"
"1638","CATAGACCACAAATGA-1","CD8+ T Cells"
"1639","CATGCCTAGCGATGAC-1","CD8+ T Cells"
"1640","CATGCCTCAGATCATC-1","CD8+ T Cells"
"1641","CATGCGGAGATTTGCC-1","CD8+ T Cells"
"1642","CATGGATTCTGGCTGG-1","CD8+ T Cells"
"1643","CATTCATAGGAACTCG-1","CD8+ T Cells"
"1644","CCATAAGCATACAGAA-1","CD8+ T Cells"
"1645","CCCGAAGGTATACCTG-1","CD8+ T Cells"
"1646","CCGAACGAGGATTACA-1","CD8+ T Cells"
"1647","CCGGACAAGCATTGAA-1","CD8+ T Cells"
"1648","CCGGACATCCAGCACG-1","CD8+ T Cells"
"1649","CCGTGAGGTGTCACAT-1","CD8+ T Cells"
"1650","CCTAAGAGTTTACGAC-1","CD8+ T Cells"
"1651","CCTACGTCAACGATTC-1","CD8+ T Cells"
"1652","CCTCAACTCGAGAACG-1","CD8+ T Cells"
"1653","CCTCATGAGTGGTTCT-1","CD8+ T Cells"
"1654","CCTCATGGTCGGAACA-1","CD8+ T Cells"
"1655","CCTCCAATCTTCTTCC-1","CD8+ T Cells"
"1656","CCTGCATAGTTTCGGT-1","CD8+ T Cells"
"1657","CCTTCAGGTCCACAGC-1","CD8+ T Cells"
"1658","CGAGAAGTCTACTGAG-1","CD8+ T Cells"
"1659","CGAGTTACAAGCGGAT-1","CD8+ T Cells"
"1660","CGGAGAAGTGCCAAGA-1","CD8+ T Cells"
"1661","CGTAAGTAGCAATTCC-1","CD8+ T Cells"
"1662","CGTGAATCACTTGTCC-1","CD8+ T Cells"
"1663","CGTGTCTAGTTGAATG-1","CD8+ T Cells"
"1664","CTCAAGACAAGCCATT-1","CD8+ T Cells"
"1665","CTCAGAAAGCTATCTG-1","CD8+ T Cells"
"1666","CTCAGAACATGTTTGG-1","CD8+ T Cells"
"1667","CTCAGGGAGAATTGTG-1","CD8+ T Cells"
"1668","CTCCCAAAGCATTTCG-1","CD8+ T Cells"
"1669","CTGCAGGAGTGAATAC-1","CD8+ T Cells"
"1670","CTGGCAGGTTGTCAGT-1","CD8+ T Cells"
"1671","CTGTCGTAGCCGCACT-1","CD8+ T Cells"
"1672","CTTGATTAGGCGAACT-1","CD8+ T Cells"
"1673","GAATAGAAGATTAGAC-1","CD8+ T Cells"
"1674","GAATAGATCGTTGCCT-1","CD8+ T Cells"
"1675","GACACGCGTCGTTTCC-1","CD8+ T Cells"
"1676","GAGCTGCCAGACTCTA-1","CD8+ T Cells"
"1677","GAGTGAGTCTGGGATT-1","CD8+ T Cells"
"1678","GAGTGTTTCGTCGGGT-1","CD8+ T Cells"
"1679","GATCATGCATCAGTGT-1","CD8+ T Cells"
"1680","GATCATGGTCGTATTG-1","CD8+ T Cells"
"1681","GATTTCTAGGTAAAGG-1","CD8+ T Cells"
"1682","GCACGGTAGTTCTCTT-1","CD8+ T Cells"
"1683","GCAGCCAGTGAGCTCC-1","CD8+ T Cells"
"1684","GCCAACGCACTATCGA-1","CD8+ T Cells"
"1685","GCCATGGAGTGTTGAA-1","CD8+ T Cells"
"1686","GCCATGGGTGCATCTA-1","CD8+ T Cells"
"1687","GCCATTCAGGGAGTGG-1","CD8+ T Cells"
"1688","GCTACCTAGTCATTGC-1","CD8+ T Cells"
"1689","GGAGGATGTTTGAAAG-1","CD8+ T Cells"
"1690","GGCTTTCTCCCTCGAT-1","CD8+ T Cells"
"1691","GGGAGATAGAGCAAGA-1","CD8+ T Cells"
"1692","GGGCGTTAGAGTGAAG-1","CD8+ T Cells"
"1693","GGGCTACGTTGCTGAT-1","CD8+ T Cells"
"1694","GGGTATTCAGGTTTAC-1","CD8+ T Cells"
"1695","GGGTGAATCCTATGGA-1","CD8+ T Cells"
"1696","GTACAACCACATGAAA-1","CD8+ T Cells"
"1697","GTACAGTTCCACATAG-1","CD8+ T Cells"
"1698","GTAGCTAGTAGAAACT-1","CD8+ T Cells"
"1699","GTATTGGAGTTTGTCG-1","CD8+ T Cells"
"1700","GTCATGATCACCCATC-1","CD8+ T Cells"
"1701","GTGAGTTTCAAGTGGG-1","CD8+ T Cells"
"1702","GTGTGATTCGTCTCAC-1","CD8+ T Cells"
"1703","GTGTTAGAGATACGAT-1","CD8+ T Cells"
"1704","GTGTTCCTCGTTACCC-1","CD8+ T Cells"
"1705","GTTCTATGTTTGCAGT-1","CD8+ T Cells"
"1706","GTTGTAGGTTCGAAGG-1","CD8+ T Cells"
"1707","GTTGTGATCTTGCGCT-1","CD8+ T Cells"
"1708","GTTTGGAGTCTCACAA-1","CD8+ T Cells"
"1709","TACAACGAGTGGAAGA-1","CD8+ T Cells"
"1710","TACGGGCCAGTACTAC-1","CD8+ T Cells"
"1711","TAGTGCAGTGAGATTA-1","CD8+ T Cells"
"1712","TATACCTCACGGCACT-1","CD8+ T Cells"
"1713","TATCTGTCAAAGGGCT-1","CD8+ T Cells"
"1714","TATGTTCCAAACTAGA-1","CD8+ T Cells"
"1715","TATTCCAGTACCTGTA-1","CD8+ T Cells"
"1716","TATTTCGAGCCTCCAG-1","CD8+ T Cells"
"1717","TCAAGACTCACGATAC-1","CD8+ T Cells"
"1718","TCAAGCAGTAGAGTTA-1","CD8+ T Cells"
"1719","TCACACCTCCATTGCC-1","CD8+ T Cells"
"1720","TCACATTGTCCATCTC-1","CD8+ T Cells"
"1721","TCAGCAAAGAGCCCAA-1","CD8+ T Cells"
"1722","TCAGCCTCAAGAAATC-1","CD8+ T Cells"
"1723","TCATTACAGTCTGGAG-1","CD8+ T Cells"
"1724","TCCGGGAGTGTTGCCG-1","CD8+ T Cells"
"1725","TCCGGGAGTTGTACGT-1","CD8+ T Cells"
"1726","TCCTGCACATGGTGGA-1","CD8+ T Cells"
"1727","TCGACCTCAAGGTCGA-1","CD8+ T Cells"
"1728","TCGACCTCACCTTCCA-1","CD8+ T Cells"
"1729","TCGCTCACATCATCTT-1","CD8+ T Cells"
"1730","TCGGGCAGTGGTCTAT-1","CD8+ T Cells"
"1731","TCGTAGACAGTCTTCC-1","CD8+ T Cells"
"1732","TCGTCCATCTCATGCC-1","CD8+ T Cells"
"1733","TCTCCGACATTGAGCT-1","CD8+ T Cells"
"1734","TGAACGTGTCGCCACA-1","CD8+ T Cells"
"1735","TGAGGAGGTAGGGTAC-1","CD8+ T Cells"
"1736","TGATCAGTCCAGTGCG-1","CD8+ T Cells"
"1737","TGCAGATCATACTGTG-1","CD8+ T Cells"
"1738","TGCATCCTCCGCGATG-1","CD8+ T Cells"
"1739","TGCTGAAGTGCTGCAC-1","CD8+ T Cells"
"1740","TGCTTGCAGCGCTGAA-1","CD8+ T Cells"
"1741","TGCTTGCCAGACCAGA-1","CD8+ T Cells"
"1742","TGGGCGTAGTCATACC-1","CD8+ T Cells"
"1743","TGTCCTGTCTCCTGTG-1","CD8+ T Cells"
"1744","TGTGAGTTCGTTCTGC-1","CD8+ T Cells"
"1745","TGTGATGGTGCCTGAC-1","CD8+ T Cells"
"1746","TGTGGCGTCAGCTTCC-1","CD8+ T Cells"
"1747","TGTGGCGTCCCGAGAC-1","CD8+ T Cells"
"1748","TTACCATCAGGTTCAT-1","CD8+ T Cells"
"1749","TTACGCCCAATCTAGC-1","CD8+ T Cells"
"1750","TTACGCCTCGCCGAAC-1","CD8+ T Cells"
"1751","TTAGGCAAGACATAAC-1","CD8+ T Cells"
"1752","TTAGTCTGTCCGATCG-1","CD8+ T Cells"
"1753","TTCATTGAGCCAGTAG-1","CD8+ T Cells"
"1754","TTCGCTGAGATTGCGG-1","CD8+ T Cells"
"1755","TTCGCTGGTTACGTAC-1","CD8+ T Cells"
"1756","TTCTAACGTCGAGCAA-1","CD8+ T Cells"
"1757","TTCTAGTCACCCAATA-1","CD8+ T Cells"
"1758","TTCTCTCTCGTTCCTG-1","CD8+ T Cells"
"1759","AAACCCAGTATGGAAT-1","Fibroblast"
"1760","AAACGAAGTATGAGAT-1","Fibroblast"
"1761","AAACGAAGTATTGACC-1","Fibroblast"
"1762","AAAGAACTCAACTACG-1","Fibroblast"
"1763","AACAAAGCAGGCGTTC-1","Fibroblast"
"1764","AACAAGAAGAAAGTCT-1","Fibroblast"
"1765","AACCAACGTGGAAATT-1","Fibroblast"
"1766","AACGTCACAAGCTGTT-1","Fibroblast"
"1767","AAGACAACAACGGCCT-1","Fibroblast"
"1768","AAGCCATTCGCAATTG-1","Fibroblast"
"1769","AAGTACCGTTTCGATG-1","Fibroblast"
"1770","AAGTCGTTCGGTAAGG-1","Fibroblast"
"1771","ACCCAAAGTCCCTCAT-1","Fibroblast"
"1772","ACCCTCAAGGTAGCCA-1","Fibroblast"
"1773","ACCCTTGAGGTTCCGC-1","Fibroblast"
"1774","ACCTGAAAGATGCGAC-1","Fibroblast"
"1775","ACGATCATCGAAGAAT-1","Fibroblast"
"1776","ACGTAACAGTCTGGTT-1","Fibroblast"
"1777","ACGTACAAGGTACAAT-1","Fibroblast"
"1778","ACGTCCTCATCCGTTC-1","Fibroblast"
"1779","ACTGTCCAGCGTCTGC-1","Fibroblast"
"1780","ACTTAGGGTGCTGTCG-1","Fibroblast"
"1781","ACTTTGTCAAGATTGA-1","Fibroblast"
"1782","AGAACAAAGACTTCCA-1","Fibroblast"
"1783","AGAACAAGTACAATAG-1","Fibroblast"
"1784","AGACAAAAGAAGCCTG-1","Fibroblast"
"1785","AGACAGGCATCAGTCA-1","Fibroblast"
"1786","AGACCCGCATCTCGTC-1","Fibroblast"
"1787","AGACTCAGTGATGTAA-1","Fibroblast"
"1788","AGAGAGCAGGAAGTAG-1","Fibroblast"
"1789","AGAGCAGGTTGCTTGA-1","Fibroblast"
"1790","AGCCAATAGTGAACAT-1","Fibroblast"
"1791","AGGCATTAGGACAAGA-1","Fibroblast"
"1792","AGGCTGCAGATCGGTG-1","Fibroblast"
"1793","AGGGTGACAGCGTGAA-1","Fibroblast"
"1794","AGGTGTTCAAGACCGA-1","Fibroblast"
"1795","AGGTTGTTCCCAACTC-1","Fibroblast"
"1796","AGTACCACAATTCTTC-1","Fibroblast"
"1797","AGTAGCTTCGCATTGA-1","Fibroblast"
"1798","AGTCTCCCAAGATGTA-1","Fibroblast"
"1799","AGTGTTGCAGATACTC-1","Fibroblast"
"1800","AGTGTTGCATCACGGC-1","Fibroblast"
"1801","AGTTCGACACGGGTAA-1","Fibroblast"
"1802","ATACCGAAGCACCAGA-1","Fibroblast"
"1803","ATAGACCCATTAAGCC-1","Fibroblast"
"1804","ATCATTCCAAATGGCG-1","Fibroblast"
"1805","ATCCCTGCATAGGTTC-1","Fibroblast"
"1806","ATCCCTGCATCGATGT-1","Fibroblast"
"1807","ATCCTATGTCCAGAAG-1","Fibroblast"
"1808","ATCGATGCAAAGGTTA-1","Fibroblast"
"1809","ATGGGTTAGAACCGCA-1","Fibroblast"
"1810","ATGGGTTAGCACCGAA-1","Fibroblast"
"1811","ATTATCCCATTCAGGT-1","Fibroblast"
"1812","ATTCACTAGCTGTTCA-1","Fibroblast"
"1813","ATTCCATCAACCGATT-1","Fibroblast"
"1814","ATTGGGTTCCCGTTGT-1","Fibroblast"
"1815","ATTTCTGTCTTTGATC-1","Fibroblast"
"1816","CAACCAAAGACTAAGT-1","Fibroblast"
"1817","CAACGATTCTGCGGCA-1","Fibroblast"
"1818","CACCAAACAGACAAAT-1","Fibroblast"
"1819","CACGGGTCACAGTCCG-1","Fibroblast"
"1820","CACGTTCAGGCGTTGA-1","Fibroblast"
"1821","CACTGAAGTTTGGAAA-1","Fibroblast"
"1822","CAGCGTGGTCTGTAAC-1","Fibroblast"
"1823","CATACAGAGACGAGCT-1","Fibroblast"
"1824","CATGCCTTCCAAAGGG-1","Fibroblast"
"1825","CATTGCCCACGTTGGC-1","Fibroblast"
"1826","CATTTCAAGATGCTAA-1","Fibroblast"
"1827","CATTTCAGTCGTTCAA-1","Fibroblast"
"1828","CCAATGAAGTGCTACT-1","Fibroblast"
"1829","CCATAAGCATCTGGGC-1","Fibroblast"
"1830","CCCTCTCCAAGTGGTG-1","Fibroblast"
"1831","CCGGTGAAGTCTAGCT-1","Fibroblast"
"1832","CCTCAACGTGAGTGAC-1","Fibroblast"
"1833","CCTCTAGGTACCGGCT-1","Fibroblast"
"1834","CCTCTCCGTGCCCTTT-1","Fibroblast"
"1835","CCTGTTGGTTTCGCTC-1","Fibroblast"
"1836","CCTTGTGCAGGTCCGT-1","Fibroblast"
"1837","CGATGCGCACTGGCGT-1","Fibroblast"
"1838","CGCATGGGTTACCCTC-1","Fibroblast"
"1839","CGGAACCAGGACACTG-1","Fibroblast"
"1840","CGGCAGTTCTTGCAAG-1","Fibroblast"
"1841","CGGGACTAGTCTGTAC-1","Fibroblast"
"1842","CGGGCATTCATTGGTG-1","Fibroblast"
"1843","CGTAAGTAGTGCCTCG-1","Fibroblast"
"1844","CGTAAGTGTTGAAGTA-1","Fibroblast"
"1845","CGTAATGCACCGTGCA-1","Fibroblast"
"1846","CGTAGTACAATACAGA-1","Fibroblast"
"1847","CGTGCTTCACTATCGA-1","Fibroblast"
"1848","CTACAGAGTCGCTTGG-1","Fibroblast"
"1849","CTACATTTCTGGTTGA-1","Fibroblast"
"1850","CTACCCAAGACAAGCC-1","Fibroblast"
"1851","CTATCCGCACGCGGTT-1","Fibroblast"
"1852","CTATCCGGTCTAACTG-1","Fibroblast"
"1853","CTATCTACATGAGATA-1","Fibroblast"
"1854","CTCAACCGTATGCTTG-1","Fibroblast"
"1855","CTCAGAATCCCGGTAG-1","Fibroblast"
"1856","CTCCACATCGCCAGAC-1","Fibroblast"
"1857","CTGCAGGAGGGTTGCA-1","Fibroblast"
"1858","CTGCATCCAGGCATGA-1","Fibroblast"
"1859","CTGTGAAAGCCTCAGC-1","Fibroblast"
"1860","CTGTGAATCCAGCTCT-1","Fibroblast"
"1861","CTTCCGAAGTCGTTAC-1","Fibroblast"
"1862","CTTCCGATCTTCTCAA-1","Fibroblast"
"1863","CTTCGGTAGGCCTTGC-1","Fibroblast"
"1864","CTTCGGTAGTAGTCAA-1","Fibroblast"
"1865","GAACACTTCGTCAAAC-1","Fibroblast"
"1866","GAAGAATCACGGCGTT-1","Fibroblast"
"1867","GAAGCGACACCCAATA-1","Fibroblast"
"1868","GACCGTGAGGTTTGAA-1","Fibroblast"
"1869","GACGTTATCCGGCTTT-1","Fibroblast"
"1870","GACTGATAGGAGTATT-1","Fibroblast"
"1871","GACTGATTCAGACAAA-1","Fibroblast"
"1872","GAGCTGCTCTCGAACA-1","Fibroblast"
"1873","GAGGGATAGTCTGCGC-1","Fibroblast"
"1874","GAGTCTAAGATGGTCG-1","Fibroblast"
"1875","GAGTCTAGTCACTTCC-1","Fibroblast"
"1876","GAGTGTTTCTTTCAGT-1","Fibroblast"
"1877","GAGTTGTAGTGCTCAT-1","Fibroblast"
"1878","GATCAGTCAATAGTGA-1","Fibroblast"
"1879","GATTCTTCATTGAAAG-1","Fibroblast"
"1880","GATTTCTTCTCTCTAA-1","Fibroblast"
"1881","GCACATATCTCTCCGA-1","Fibroblast"
"1882","GCAGCCAAGGTTCCGC-1","Fibroblast"
"1883","GCAGCTGAGTAGACAT-1","Fibroblast"
"1884","GCATTAGTCTATCCAT-1","Fibroblast"
"1885","GCATTAGTCTGGGCCA-1","Fibroblast"
"1886","GCCATGGGTTATCTTC-1","Fibroblast"
"1887","GCCCAGATCATGGTAC-1","Fibroblast"
"1888","GCGGATCGTACAAAGT-1","Fibroblast"
"1889","GCGTTTCCAACCGTAT-1","Fibroblast"
"1890","GCTACCTTCAAGCTTG-1","Fibroblast"
"1891","GGAACCCGTACGTGTT-1","Fibroblast"
"1892","GGAATCTCACAATGCT-1","Fibroblast"
"1893","GGCACGTGTCTTTCAT-1","Fibroblast"
"1894","GGCTTTCCACGTGTGC-1","Fibroblast"
"1895","GGGACCTAGGATTCAA-1","Fibroblast"
"1896","GGGACCTGTAGGAGGG-1","Fibroblast"
"1897","GGGAGATTCAATCGGT-1","Fibroblast"
"1898","GGGATCCAGTTAGAAC-1","Fibroblast"
"1899","GGTGATTTCCTCTGCA-1","Fibroblast"
"1900","GTAGATCGTATGTCTG-1","Fibroblast"
"1901","GTCACGGAGCCTTGAT-1","Fibroblast"
"1902","GTCACTCAGGGAGATA-1","Fibroblast"
"1903","GTCACTCTCCCGTTCA-1","Fibroblast"
"1904","GTCTACCGTACGCGTC-1","Fibroblast"
"1905","GTCTAGAAGGCAGCTA-1","Fibroblast"
"1906","GTGCAGCAGTCACAGG-1","Fibroblast"
"1907","GTGCAGCTCTCTATAC-1","Fibroblast"
"1908","GTGCTTCCACACTTAG-1","Fibroblast"
"1909","GTGTGGCTCCGATGTA-1","Fibroblast"
"1910","GTGTTCCTCTGTAAGC-1","Fibroblast"
"1911","GTTGCGGTCGACGTCG-1","Fibroblast"
"1912","GTTTACTGTCTAACGT-1","Fibroblast"
"1913","GTTTGGACATCGATGT-1","Fibroblast"
"1914","TAACTTCCATCATTGG-1","Fibroblast"
"1915","TAAGCACAGAAATTCG-1","Fibroblast"
"1916","TACCTGCCACTATGTG-1","Fibroblast"
"1917","TAGCACATCGCTGATA-1","Fibroblast"
"1918","TAGGTACAGGGTCACA-1","Fibroblast"
"1919","TCACAAGCATCATTTC-1","Fibroblast"
"1920","TCACACCAGAACCCGA-1","Fibroblast"
"1921","TCACATTTCCGTAATG-1","Fibroblast"
"1922","TCAGCAATCGAGGCAA-1","Fibroblast"
"1923","TCAGGTAGTCGTTGCG-1","Fibroblast"
"1924","TCAGTGAGTATGATCC-1","Fibroblast"
"1925","TCATTTGCACTACGGC-1","Fibroblast"
"1926","TCCTCCCGTGGACTGA-1","Fibroblast"
"1927","TCCTCGAGTAAGATAC-1","Fibroblast"
"1928","TCCTCTTCACTACACA-1","Fibroblast"
"1929","TCCTTTCCAGTGCGCT-1","Fibroblast"
"1930","TCGACGGAGACAGTCG-1","Fibroblast"
"1931","TCGATTTCAACTGGTT-1","Fibroblast"
"1932","TCGCAGGAGACTCATC-1","Fibroblast"
"1933","TCGCTTGAGCCTCGTG-1","Fibroblast"
"1934","TCGTAGAAGGTATAGT-1","Fibroblast"
"1935","TCGTGCTTCTCTAGGA-1","Fibroblast"
"1936","TCGTGGGTCTGAGGTT-1","Fibroblast"
"1937","TCTACATAGTCTGCAT-1","Fibroblast"
"1938","TCTGCCACAAGGTACG-1","Fibroblast"
"1939","TCTTAGTCACCATTCC-1","Fibroblast"
"1940","TCTTAGTGTACTGTTG-1","Fibroblast"
"1941","TCTTCCTAGAGCAGAA-1","Fibroblast"
"1942","TGACAGTTCTCAATCT-1","Fibroblast"
"1943","TGACCCTAGACCTGGA-1","Fibroblast"
"1944","TGACGCGAGGCATCAG-1","Fibroblast"
"1945","TGATTCTTCGCAACAT-1","Fibroblast"
"1946","TGCAGTACAGGATGAC-1","Fibroblast"
"1947","TGCATCCAGGCCTGAA-1","Fibroblast"
"1948","TGCGGCACAATTGCTG-1","Fibroblast"
"1949","TGGAGGAGTGTTATCG-1","Fibroblast"
"1950","TGGGAAGAGGTACAGC-1","Fibroblast"
"1951","TGTAACGCATACAGAA-1","Fibroblast"
"1952","TGTGAGTCATTCATCT-1","Fibroblast"
"1953","TGTGATGGTAATACCC-1","Fibroblast"
"1954","TGTTCCGCAGCGACAA-1","Fibroblast"
"1955","TGTTGAGCAAGCACAG-1","Fibroblast"
"1956","TGTTTGTTCGACATAC-1","Fibroblast"
"1957","TTCACGCCAAGCCATT-1","Fibroblast"
"1958","TTCATTGTCGTGCGAC-1","Fibroblast"
"1959","TTGATGGAGGGAGATA-1","Fibroblast"
"1960","TTGGGCGAGTGAGTGC-1","Fibroblast"
"1961","TTGTTCAGTCCAACGC-1","Fibroblast"
"1962","TTGTTTGAGACTACCT-1","Fibroblast"
"1963","TTTACTGTCACCATCC-1","Fibroblast"
"1964","TTTCCTCCAGACACCC-1","Fibroblast"
"1965","TTTCGATTCCGCTAGG-1","Fibroblast"
"1966","TTTGATCTCACTACTT-1","Fibroblast"
"1967","TTTGGTTGTAGCCAGA-1","Fibroblast"
"1968","AACCAACAGGCCTGCT-1","Neutrophil Cells"
"1969","AAGAACAGTACTTCCC-1","Neutrophil Cells"
"1970","AAGCATCCACTACCCT-1","Neutrophil Cells"
"1971","AAGCCATAGCGTCAGA-1","Neutrophil Cells"
"1972","AAGCGTTGTAAGTTAG-1","Neutrophil Cells"
"1973","AAGGTAATCATCGGGC-1","Neutrophil Cells"
"1974","AAGTCGTTCTGAATGC-1","Neutrophil Cells"
"1975","ACAGAAACATGTTCGA-1","Neutrophil Cells"
"1976","ACAGCCGAGACTGGGT-1","Neutrophil Cells"
"1977","ACCATTTCACGATAGG-1","Neutrophil Cells"
"1978","ACGGAAGGTAGAGATT-1","Neutrophil Cells"
"1979","ACTATGGTCGTCACCT-1","Neutrophil Cells"
"1980","AGACAAACACACCTGG-1","Neutrophil Cells"
"1981","AGACACTCATCATTGG-1","Neutrophil Cells"
"1982","AGACCATCATGTACGT-1","Neutrophil Cells"
"1983","AGAGCCCTCCACAGGC-1","Neutrophil Cells"
"1984","AGATAGAAGTGCAACG-1","Neutrophil Cells"
"1985","AGATGCTCATGACTAC-1","Neutrophil Cells"
"1986","AGCCACGCAATCCTTT-1","Neutrophil Cells"
"1987","AGGATAAAGATTAGCA-1","Neutrophil Cells"
"1988","AGGCTGCAGAATACAC-1","Neutrophil Cells"
"1989","AGGGCCTAGACAAGCC-1","Neutrophil Cells"
"1990","AGGTAGGGTCGTCGGT-1","Neutrophil Cells"
"1991","AGGTAGGTCATGGATC-1","Neutrophil Cells"
"1992","AGTCAACTCGCAGAGA-1","Neutrophil Cells"
"1993","AGTGCCGCAATACCTG-1","Neutrophil Cells"
"1994","ATACCGAAGCTGCCAC-1","Neutrophil Cells"
"1995","ATATCCTTCTCTTAAC-1","Neutrophil Cells"
"1996","ATCACAGAGCCTTTGA-1","Neutrophil Cells"
"1997","ATCACGAAGCGTATGG-1","Neutrophil Cells"
"1998","ATGCCTCAGCTACTGT-1","Neutrophil Cells"
"1999","ATGGTTGCAGAACTTC-1","Neutrophil Cells"
"2000","ATGGTTGCAGTAGATA-1","Neutrophil Cells"
"2001","ATTACTCAGCTGGCTC-1","Neutrophil Cells"
"2002","ATTCATCGTGTTCCTC-1","Neutrophil Cells"
"2003","CAACAACAGATAGGGA-1","Neutrophil Cells"
"2004","CAATGACCACGGTAGA-1","Neutrophil Cells"
"2005","CACAGATAGCTCCGAC-1","Neutrophil Cells"
"2006","CAGATACTCCATCAGA-1","Neutrophil Cells"
"2007","CAGTTCCCACTATCCC-1","Neutrophil Cells"
"2008","CAGTTCCCAGCTGTAT-1","Neutrophil Cells"
"2009","CATAGACGTACGGTTT-1","Neutrophil Cells"
"2010","CATCCACGTCGAAGCA-1","Neutrophil Cells"
"2011","CATCGGGCAACAAAGT-1","Neutrophil Cells"
"2012","CATTCATCAACCAGAG-1","Neutrophil Cells"
"2013","CATTCATCACGTCTCT-1","Neutrophil Cells"
"2014","CCACAAAGTTCGAGCC-1","Neutrophil Cells"
"2015","CCACGAGGTTGGGACA-1","Neutrophil Cells"
"2016","CCGCAAGCACTAAACC-1","Neutrophil Cells"
"2017","CCTAAGAGTTGCTCAA-1","Neutrophil Cells"
"2018","CCTCAGTAGACCTTTG-1","Neutrophil Cells"
"2019","CCTCCTCTCCGCAACG-1","Neutrophil Cells"
"2020","CCTTGTGCAACAACAA-1","Neutrophil Cells"
"2021","CCTTTGGCAACATACC-1","Neutrophil Cells"
"2022","CGAGGAATCCATATGG-1","Neutrophil Cells"
"2023","CGATCGGAGTCCTGCG-1","Neutrophil Cells"
"2024","CGCATGGTCTCGCTCA-1","Neutrophil Cells"
"2025","CGCCATTGTCTAACTG-1","Neutrophil Cells"
"2026","CGGAACCGTTACACAC-1","Neutrophil Cells"
"2027","CGGGACTAGCCTATTG-1","Neutrophil Cells"
"2028","CGGGACTCATGACAAA-1","Neutrophil Cells"
"2029","CGGGTCAAGGTCCGAA-1","Neutrophil Cells"
"2030","CGTAATGGTTAGGAGC-1","Neutrophil Cells"
"2031","CTAGACACAGCTGAAG-1","Neutrophil Cells"
"2032","CTCATTAAGCTCACTA-1","Neutrophil Cells"
"2033","CTCCCAAAGGCGAACT-1","Neutrophil Cells"
"2034","CTCCCAATCTACCAGA-1","Neutrophil Cells"
"2035","CTCGAGGTCATCGGGC-1","Neutrophil Cells"
"2036","CTCGAGGTCGCTTAAG-1","Neutrophil Cells"
"2037","CTCTCAGCACTATGTG-1","Neutrophil Cells"
"2038","CTGAGCGGTCGTACTA-1","Neutrophil Cells"
"2039","CTGCTCATCAAGCGTT-1","Neutrophil Cells"
"2040","CTTCGGTGTCCCACGA-1","Neutrophil Cells"
"2041","GACCTTCGTGTCTTAG-1","Neutrophil Cells"
"2042","GACTATGTCGTTCTAT-1","Neutrophil Cells"
"2043","GAGACTTGTTAGGCTT-1","Neutrophil Cells"
"2044","GAGAGGTTCTCCCAAC-1","Neutrophil Cells"
"2045","GAGCCTGTCCTTCTAA-1","Neutrophil Cells"
"2046","GAGGGATGTACTCCGG-1","Neutrophil Cells"
"2047","GAGGGATTCATACGGT-1","Neutrophil Cells"
"2048","GAGTCATCAACAAGTA-1","Neutrophil Cells"
"2049","GAGTCATGTGGGATTG-1","Neutrophil Cells"
"2050","GAGTTACAGCTCGTGC-1","Neutrophil Cells"
"2051","GATCAGTTCCCGTTCA-1","Neutrophil Cells"
"2052","GATGAGGCATAAGCAA-1","Neutrophil Cells"
"2053","GATTTCTGTCCTACAA-1","Neutrophil Cells"
"2054","GCAACCGCACCTGTCT-1","Neutrophil Cells"
"2055","GCAGCTGTCTCAAAGC-1","Neutrophil Cells"
"2056","GCCAACGTCACACCCT-1","Neutrophil Cells"
"2057","GCCAGCACATGTTCGA-1","Neutrophil Cells"
"2058","GCCATTCTCCGCAAAT-1","Neutrophil Cells"
"2059","GCCGATGCAAGTATCC-1","Neutrophil Cells"
"2060","GGAATCTAGCTGAGTG-1","Neutrophil Cells"
"2061","GGAATGGAGCTACTAC-1","Neutrophil Cells"
"2062","GGAATGGAGGCTCTCG-1","Neutrophil Cells"
"2063","GGATCTAAGCTCGTGC-1","Neutrophil Cells"
"2064","GGCTTGGGTACGCTTA-1","Neutrophil Cells"
"2065","GGCTTTCCACCTGATA-1","Neutrophil Cells"
"2066","GGTTGTAAGACTACCT-1","Neutrophil Cells"
"2067","GTAGCTAGTGTCTTCC-1","Neutrophil Cells"
"2068","GTCCACTGTGCAATAA-1","Neutrophil Cells"
"2069","GTCCACTGTTGCATGT-1","Neutrophil Cells"
"2070","GTGACGCTCGAATGCT-1","Neutrophil Cells"
"2071","GTGAGGAGTCCTTGTC-1","Neutrophil Cells"
"2072","GTGGAGACAGGACTTT-1","Neutrophil Cells"
"2073","GTGGTTATCTCTGAGA-1","Neutrophil Cells"
"2074","GTGTGATCACAAAGTA-1","Neutrophil Cells"
"2075","GTTCGCTAGACTCATC-1","Neutrophil Cells"
"2076","GTTCGCTGTATCCCAA-1","Neutrophil Cells"
"2077","TAACGACCATCTTTCA-1","Neutrophil Cells"
"2078","TAAGCCATCGTTACCC-1","Neutrophil Cells"
"2079","TACAGGTCATACGCAT-1","Neutrophil Cells"
"2080","TACCGGGTCCGAAATC-1","Neutrophil Cells"
"2081","TACCTGCCAACTGTGT-1","Neutrophil Cells"
"2082","TAGGAGGGTCGTACAT-1","Neutrophil Cells"
"2083","TATTGGGGTCCAGCGT-1","Neutrophil Cells"
"2084","TCAAGTGTCAATCCAG-1","Neutrophil Cells"
"2085","TCATACTCAGTTAAAG-1","Neutrophil Cells"
"2086","TCCGTGTGTGAGATTA-1","Neutrophil Cells"
"2087","TCCTCCCCAGAGGACT-1","Neutrophil Cells"
"2088","TCCTCCCTCAAGCGTT-1","Neutrophil Cells"
"2089","TCGACCTCATAATCGC-1","Neutrophil Cells"
"2090","TCGCTTGTCGATGCAT-1","Neutrophil Cells"
"2091","TCGGGACAGTTAACGA-1","Neutrophil Cells"
"2092","TCGGTCTTCTCCTGCA-1","Neutrophil Cells"
"2093","TCGTAGACAGCGTGCT-1","Neutrophil Cells"
"2094","TCTACCGTCCACAGGC-1","Neutrophil Cells"
"2095","TCTATACGTCGGATTT-1","Neutrophil Cells"
"2096","TCTCCGAGTGACTCGC-1","Neutrophil Cells"
"2097","TCTGGCTAGTAAATGC-1","Neutrophil Cells"
"2098","TCTTCCTGTCATCACA-1","Neutrophil Cells"
"2099","TGATCTTAGCACGGAT-1","Neutrophil Cells"
"2100","TGATGGTTCCCTGTTG-1","Neutrophil Cells"
"2101","TGCATCCAGTGTAGAT-1","Neutrophil Cells"
"2102","TGCATGATCCTTCAGC-1","Neutrophil Cells"
"2103","TGCCGAGCATTCACCC-1","Neutrophil Cells"
"2104","TGCGACGGTTCGATTG-1","Neutrophil Cells"
"2105","TGGAGAGTCCACTTCG-1","Neutrophil Cells"
"2106","TGGAGGACAGTTGGTT-1","Neutrophil Cells"
"2107","TGGCGTGTCAACACCA-1","Neutrophil Cells"
"2108","TGGGAGAGTGGAAATT-1","Neutrophil Cells"
"2109","TGGGATTAGCGTGTTT-1","Neutrophil Cells"
"2110","TGTAACGGTCTAGTGT-1","Neutrophil Cells"
"2111","TGTCAGACAACTCCCT-1","Neutrophil Cells"
"2112","TGTCAGATCTTACCAT-1","Neutrophil Cells"
"2113","TGTCCTGTCCTTTGAT-1","Neutrophil Cells"
"2114","TGTTGAGGTAACGCGA-1","Neutrophil Cells"
"2115","TTAGGGTGTATTTCGG-1","Neutrophil Cells"
"2116","TTCAATCAGTATGAGT-1","Neutrophil Cells"
"2117","TTCAATCTCTAACGCA-1","Neutrophil Cells"
"2118","TTCGCTGTCAGCGCGT-1","Neutrophil Cells"
"2119","TTGAACGTCAGAGCAG-1","Neutrophil Cells"
"2120","TTGACCCCATAATCCG-1","Neutrophil Cells"
"2121","TTGGATGAGTTGCGCC-1","Neutrophil Cells"
"2122","TTGGATGTCGAGCCAC-1","Neutrophil Cells"
"2123","TTGGTTTGTCTTTCAT-1","Neutrophil Cells"
"2124","TTGTGGACAGGTCCCA-1","Neutrophil Cells"
"2125","TTGTTGTGTTGCGGCT-1","Neutrophil Cells"
"2126","TTTATGCGTGGGTTGA-1","Neutrophil Cells"
"2127","TTTCACACATTGTAGC-1","Neutrophil Cells"
"2128","TTTCCTCGTCTACAGT-1","Neutrophil Cells"
"2129","TTTCGATGTTCACCGG-1","Neutrophil Cells"
"2130","TTTGGAGGTCAGCTTA-1","Neutrophil Cells"
"2131","AAACGAAGTTATCTGG-1","Endothelial"
"2132","ACCCTTGCAAGATGGC-1","Endothelial"
"2133","ACTATCTTCGTACCTC-1","Endothelial"
"2134","AGGACGATCGTGCGAC-1","Endothelial"
"2135","ATAGACCGTCCTGGTG-1","Endothelial"
"2136","ATCACGAAGTAGGTTA-1","Endothelial"
"2137","ATTCCCGCAGACAAGC-1","Endothelial"
"2138","CACAACACAATCCTTT-1","Endothelial"
"2139","CCAATGACATGGCACC-1","Endothelial"
"2140","CCTATCGTCCACTTCG-1","Endothelial"
"2141","CGATGCGGTTAAGACA-1","Endothelial"
"2142","CGTGTCTTCAATGCAC-1","Endothelial"
"2143","CTCCACAAGGCACGAT-1","Endothelial"
"2144","CTGCATCAGGAGAGGC-1","Endothelial"
"2145","CTGTGGGAGACGAGCT-1","Endothelial"
"2146","GCATCTCAGGGAGATA-1","Endothelial"
"2147","GCGAGAATCTTCTCAA-1","Endothelial"
"2148","GGTTAACAGAGGTTAT-1","Endothelial"
"2149","GTGTTAGCACATCATG-1","Endothelial"
"2150","GTTAGACAGTGAACAT-1","Endothelial"
"2151","TCATACTCATCGAACT-1","Endothelial"
"2152","TCCGATCTCATTGCTT-1","Endothelial"
"2153","TCTATCACATTGCAAC-1","Endothelial"
"2154","TGAATGCGTCAAGTTC-1","Endothelial"
"2155","TGATGCAAGAGCTGCA-1","Endothelial"
"2156","TGTTCCGGTTGACGGA-1","Endothelial"
"2157","TTGTTCAGTACAGAAT-1","Endothelial"
"2158","TTTAGTCAGAGATTCA-1","Endothelial"
